episode,step,d_tcp_cube,d_cube_goal,d_tcp_goal,tcp_x,tcp_y,cube_x,cube_y,goal_x,goal_y,done,success_once,success_at_end
1,1,0.15545788407325745,0.2606157958507538,0.28923800587654114,0.005950204096734524,-0.010825363919138908,-0.021370120346546173,0.0075888484716415405,0.23855215311050415,0.0075888484716415405,0,,
1,2,0.12841059267520905,0.2603156268596649,0.28901585936546326,-0.010354017838835716,-0.005464022047817707,-0.02106913924217224,0.007481622975319624,0.23855215311050415,0.0075888484716415405,0,,
1,3,0.0912647619843483,0.2603156268596649,0.29343804717063904,-0.03375595435500145,0.00022704401635564864,-0.02106913924217224,0.007481624372303486,0.23855215311050415,0.0075888484716415405,0,,
1,4,0.06562689691781998,0.2603156268596649,0.2977180778980255,-0.04862046614289284,0.003461224492639303,-0.021069133654236794,0.007481624837964773,0.23855215311050415,0.0075888484716415405,0,,
1,5,0.047697268426418304,0.2603156268596649,0.29355114698410034,-0.049327924847602844,0.006482632365077734,-0.021069131791591644,0.007481624837964773,0.23855215311050415,0.0075888484716415405,0,,
1,6,0.03167003393173218,0.2603156268596649,0.2837851643562317,-0.04199190065264702,0.008241049014031887,-0.021069131791591644,0.0074816239066421986,0.23855215311050415,0.0075888484716415405,0,,
1,7,0.015340002253651619,0.2603156566619873,0.2696382701396942,-0.02917918562889099,0.008066846057772636,-0.021069156005978584,0.0074815042316913605,0.23855215311050415,0.0075888484716415405,0,,
1,8,0.01079037506133318,0.2603156268596649,0.25253477692604065,-0.012665715999901295,0.006963345687836409,-0.021069131791591644,0.0074816239066421986,0.23855215311050415,0.0075888484716415405,0,,
1,9,0.0282734464854002,0.2603156268596649,0.23363099992275238,0.006357312202453613,0.0071772802621126175,-0.021069131791591644,0.0074816239066421986,0.23855215311050415,0.0075888484716415405,0,,
1,10,0.04773645102977753,0.2603156268596649,0.21478009223937988,0.025687608867883682,0.007270983420312405,-0.021069129928946495,0.007481625769287348,0.23855215311050415,0.0075888484716415405,0,,
1,11,0.06462167203426361,0.2603156268596649,0.19875460863113403,0.04231856018304825,0.006680100224912167,-0.021069133654236794,0.007481625769287348,0.23855215311050415,0.0075888484716415405,0,,
1,12,0.07558628916740417,0.2603156268596649,0.18736712634563446,0.053650498390197754,0.005351513624191284,-0.021069131791591644,0.007481625769287348,0.23855215311050415,0.0075888484716415405,0,,
1,13,0.08242697268724442,0.2603156268596649,0.1793891042470932,0.06102591007947922,0.004041289910674095,-0.021069131791591644,0.007481625769287348,0.23855215311050415,0.0075888484716415405,0,,
1,14,0.08977198600769043,0.2603156268596649,0.1715908646583557,0.06851401180028915,0.0028637205250561237,-0.021069131791591644,0.007481624837964773,0.23855215311050415,0.0075888484716415405,0,,
1,15,0.09851712733507156,0.2603156566619873,0.1630374938249588,0.07720234990119934,0.001534407027065754,-0.021069154143333435,0.00748150609433651,0.23855215311050415,0.0075888484716415405,0,,
1,16,0.1065184697508812,0.2603156268596649,0.1554107517004013,0.08509548008441925,-1.8621329218149185e-05,-0.021069131791591644,0.0074816239066421986,0.23855215311050415,0.0075888484716415405,0,,
1,17,0.11489223688840866,0.2603156268596649,0.14781619608402252,0.093272864818573,-0.0015342817641794682,-0.021069133654236794,0.0074816239066421986,0.23855215311050415,0.0075888484716415405,0,,
1,18,0.12219156324863434,0.2603156268596649,0.14150261878967285,0.10030827671289444,-0.0031699370592832565,-0.021069137379527092,0.0074816253036260605,0.23855215311050415,0.0075888484716415405,0,,
1,19,0.12775908410549164,0.2603156268596649,0.1366751343011856,0.10566982626914978,-0.004736973904073238,-0.021069133654236794,0.007481626234948635,0.23855215311050415,0.0075888484716415405,0,,
1,20,0.13242284953594208,0.2603156268596649,0.13265156745910645,0.11015358567237854,-0.006245266646146774,-0.021069133654236794,0.0074816239066421986,0.23855215311050415,0.0075888484716415405,0,,
1,21,0.13769854605197906,0.2603156566619873,0.12852589786052704,0.11512891203165054,-0.0077036595903337,-0.021069156005978584,0.007481504697352648,0.23855215311050415,0.0075888484716415405,0,,
1,22,0.14127099514007568,0.2603156268596649,0.12565824389457703,0.11851416528224945,-0.008959444239735603,-0.021069129928946495,0.007481626234948635,0.23855215311050415,0.0075888484716415405,0,,
1,23,0.14681574702262878,0.2603156268596649,0.12181680649518967,0.1236717626452446,-0.009606502950191498,-0.021069133654236794,0.007481625769287348,0.23855215311050415,0.0075888484716415405,0,,
1,24,0.1508544236421585,0.2603156566619873,0.11936727911233902,0.1273166388273239,-0.010585274547338486,-0.021069154143333435,0.0074815042316913605,0.23855215311050415,0.0075888484716415405,0,,
1,25,0.1526576429605484,0.2603156268596649,0.11790625005960464,0.12904180586338043,-0.011412814259529114,-0.02106913924217224,0.0074816253036260605,0.23855215311050415,0.0075888484716415405,0,,
1,26,0.15452338755130768,0.2603156268596649,0.11646204441785812,0.13082775473594666,-0.01185273751616478,-0.021069133654236794,0.007481624837964773,0.23855215311050415,0.0075888484716415405,0,,
1,27,0.15519492328166962,0.2603156268596649,0.11568540334701538,0.13152943551540375,-0.012368475086987019,-0.021069137379527092,0.0074816253036260605,0.23855215311050415,0.0075888484716415405,0,,
1,28,0.15628904104232788,0.2603156268596649,0.11470317840576172,0.13260911405086517,-0.012793349102139473,-0.021069133654236794,0.007481624837964773,0.23855215311050415,0.0075888484716415405,0,,
1,29,0.15819528698921204,0.2603156268596649,0.11353309452533722,0.13436196744441986,-0.013053074479103088,-0.02106913924217224,0.007481623440980911,0.23855215311050415,0.0075888484716415405,0,,
1,30,0.15987460315227509,0.2603156268596649,0.11267219483852386,0.13585276901721954,-0.013462415896356106,-0.021069131791591644,0.007481625769287348,0.23855215311050415,0.0075888484716415405,0,,
1,31,0.16032148897647858,0.2603156268596649,0.11234750598669052,0.1362610012292862,-0.013929752632975578,-0.021069133654236794,0.0074816253036260605,0.23855215311050415,0.0075888484716415405,0,,
1,32,0.1605519950389862,0.2603156268596649,0.1119900718331337,0.13652388751506805,-0.014199454337358475,-0.021069133654236794,0.0074816253036260605,0.23855215311050415,0.0075888484716415405,0,,
1,33,0.16041713953018188,0.2603156566619873,0.11172940582036972,0.1364915519952774,-0.01425899751484394,-0.021069154143333435,0.007481504697352648,0.23855215311050415,0.0075888484716415405,0,,
1,34,0.16127832233905792,0.2603156268596649,0.11105247586965561,0.1373366415500641,-0.014210306107997894,-0.021069131791591644,0.0074816253036260605,0.23855215311050415,0.0075888484716415405,0,,
1,35,0.1622941792011261,0.2603156268596649,0.11046916246414185,0.13826942443847656,-0.014266003854572773,-0.021069137379527092,0.007481624837964773,0.23855215311050415,0.0075888484716415405,0,,
1,36,0.1626904457807541,0.2603156268596649,0.11010980606079102,0.13866940140724182,-0.014302194118499756,-0.021069131791591644,0.007481625769287348,0.23855215311050415,0.0075888484716415405,0,,
1,37,0.16420990228652954,0.2603156268596649,0.10939142107963562,0.14002975821495056,-0.014270886778831482,-0.021069131791591644,0.007481626234948635,0.23855215311050415,0.0075888484716415405,0,,
1,38,0.16455517709255219,0.2603156268596649,0.10929528623819351,0.14030858874320984,-0.014524257741868496,-0.021069131791591644,0.007481625769287348,0.23855215311050415,0.0075888484716415405,0,,
1,39,0.16418099403381348,0.2603156268596649,0.10923374444246292,0.1400388777256012,-0.014547066763043404,-0.021069137379527092,0.0074816253036260605,0.23855215311050415,0.0075888484716415405,0,,
1,40,0.1628802865743637,0.2603156268596649,0.10951031744480133,0.13896235823631287,-0.014634181745350361,-0.021069133654236794,0.007481624837964773,0.23855215311050415,0.0075888484716415405,0,,
1,41,0.16290943324565887,0.2603156566619873,0.10928628593683243,0.13903014361858368,-0.014924970455467701,-0.021069156005978584,0.007481504697352648,0.23855215311050415,0.0075888484716415405,0,,
1,42,0.1629229038953781,0.2603156268596649,0.10923061519861221,0.1390375792980194,-0.015266588889062405,-0.021069137379527092,0.007481624372303486,0.23855215311050415,0.0075888484716415405,0,,
1,43,0.16288481652736664,0.2603156268596649,0.10910077393054962,0.13903287053108215,-0.015443389303982258,-0.021069137379527092,0.0074816253036260605,0.23855215311050415,0.0075888484716415405,0,,
1,44,0.1625397801399231,0.2603156566619873,0.10909944027662277,0.1387629359960556,-0.0154908187687397,-0.021069156005978584,0.0074815042316913605,0.23855215311050415,0.0075888484716415405,0,,
1,45,0.16165417432785034,0.2603156268596649,0.10913275927305222,0.1380855292081833,-0.015111458487808704,-0.021069133654236794,0.007481624837964773,0.23855215311050415,0.0075888484716415405,0,,
1,46,0.16138045489788055,0.2603156268596649,0.1088084876537323,0.1379828304052353,-0.014556849375367165,-0.021069137379527092,0.0074816253036260605,0.23855215311050415,0.0075888484716415405,0,,
1,47,0.16239795088768005,0.2603156268596649,0.10805186629295349,0.13898378610610962,-0.014265339821577072,-0.021069137379527092,0.0074816253036260605,0.23855215311050415,0.0075888484716415405,0,,
1,48,0.16323676705360413,0.2603156268596649,0.10755741596221924,0.1397663801908493,-0.014218378812074661,-0.021069137379527092,0.007481626234948635,0.23855215311050415,0.0075888484716415405,0,,
1,49,0.1632082611322403,0.2603156268596649,0.10739042609930038,0.13979224860668182,-0.014088255353271961,-0.021069133654236794,0.007481624837964773,0.23855215311050415,0.0075888484716415405,0,,
1,50,0.1627538502216339,0.2603156566619873,0.10735916346311569,0.13945361971855164,-0.013878119178116322,-0.021069156005978584,0.007481503766030073,0.23855215311050415,0.0075888484716415405,1,False,False
2,1,0.1661314070224762,0.25957074761390686,0.3780874013900757,-0.01359080895781517,-0.016364090144634247,0.06940818578004837,0.0418776199221611,0.3282826244831085,0.0418776199221611,0,,
2,2,0.14876264333724976,0.25986725091934204,0.37293702363967896,-0.017864283174276352,0.0018969473894685507,0.06911088526248932,0.041764747351408005,0.3282826244831085,0.0418776199221611,0,,
2,3,0.13052773475646973,0.25986745953559875,0.36939287185668945,-0.02450142428278923,0.019796794280409813,0.0691106840968132,0.04176430404186249,0.3282826244831085,0.0418776199221611,0,,
2,4,0.11500458419322968,0.25986725091934204,0.36173003911972046,-0.022465893998742104,0.03275638818740845,0.06911088526248932,0.041764747351408005,0.3282826244831085,0.0418776199221611,0,,
2,5,0.10020508617162704,0.25986745953559875,0.3507292568683624,-0.014502188190817833,0.041279714554548264,0.0691106840968132,0.04176430404186249,0.3282826244831085,0.0418776199221611,0,,
2,6,0.08475510030984879,0.25986725091934204,0.3373434543609619,-0.003041704185307026,0.04434800148010254,0.06911088526248932,0.041764747351408005,0.3282826244831085,0.0418776199221611,0,,
2,7,0.06755819916725159,0.25986745953559875,0.32088133692741394,0.01222168654203415,0.04399297386407852,0.0691106840968132,0.04176430404186249,0.3282826244831085,0.0418776199221611,0,,
2,8,0.050482720136642456,0.25986725091934204,0.30385470390319824,0.028375208377838135,0.04163117706775665,0.06911088526248932,0.041764747351408005,0.3282826244831085,0.0418776199221611,0,,
2,9,0.034409306943416595,0.25986745953559875,0.28735581040382385,0.04409903287887573,0.03929625079035759,0.0691106840968132,0.04176430404186249,0.3282826244831085,0.0418776199221611,0,,
2,10,0.02014501951634884,0.25986725091934204,0.27160242199897766,0.059127628803253174,0.03885519504547119,0.06911088526248932,0.041764747351408005,0.3282826244831085,0.0418776199221611,0,,
2,11,0.011992759071290493,0.25986745953559875,0.2568958103656769,0.0731576606631279,0.039188891649246216,0.0691106840968132,0.04176430404186249,0.3282826244831085,0.0418776199221611,0,,
2,12,0.01795065775513649,0.25986725091934204,0.24384722113609314,0.08576353639364243,0.039487969130277634,0.06911088526248932,0.041764747351408005,0.3282826244831085,0.0418776199221611,0,,
2,13,0.031793538480997086,0.2594529986381531,0.22944901883602142,0.10035695135593414,0.038326047360897064,0.0695267990231514,0.04134650528430939,0.3282826244831085,0.0418776199221611,0,,
2,14,0.0495026595890522,0.25933602452278137,0.21407566964626312,0.11682181060314178,0.034998077899217606,0.06964436173439026,0.04122259467840195,0.3282826244831085,0.0418776199221611,0,,
2,15,0.06378793716430664,0.25933602452278137,0.20227013528347015,0.12979863584041595,0.03029058873653412,0.06964438408613205,0.04122273251414299,0.3282826244831085,0.0418776199221611,0,,
2,16,0.07600683718919754,0.25933602452278137,0.19249431788921356,0.140815868973732,0.025411289185285568,0.06964436173439026,0.04122259467840195,0.3282826244831085,0.0418776199221611,0,,
2,17,0.0859762579202652,0.25933602452278137,0.18485617637634277,0.14967039227485657,0.02035263366997242,0.06964438408613205,0.04122273251414299,0.3282826244831085,0.0418776199221611,0,,
2,18,0.09270298480987549,0.25933602452278137,0.1788930892944336,0.15612651407718658,0.01659572869539261,0.06964436918497086,0.04122259467840195,0.3282826244831085,0.0418776199221611,0,,
2,19,0.09999051690101624,0.25933605432510376,0.17261755466461182,0.16313226521015167,0.014066102914512157,0.06964437663555145,0.04122273251414299,0.3282826244831085,0.0418776199221611,0,,
2,20,0.10626351833343506,0.25933602452278137,0.1667526811361313,0.16952326893806458,0.013472872786223888,0.06964436173439026,0.04122259467840195,0.3282826244831085,0.0418776199221611,0,,
2,21,0.10880878567695618,0.25933602452278137,0.162721648812294,0.17290407419204712,0.013373440131545067,0.06964438408613205,0.04122273251414299,0.3282826244831085,0.0418776199221611,0,,
2,22,0.11162570118904114,0.25933602452278137,0.15857677161693573,0.17645956575870514,0.01365421712398529,0.06964436173439026,0.04122259467840195,0.3282826244831085,0.0418776199221611,0,,
2,23,0.11488641053438187,0.25933602452278137,0.1546832025051117,0.1801222264766693,0.01370853278785944,0.06964438408613205,0.04122273251414299,0.3282826244831085,0.0418776199221611,0,,
2,24,0.11745346337556839,0.25933602452278137,0.15162795782089233,0.18292035162448883,0.013086460530757904,0.06964436173439026,0.04122259467840195,0.3282826244831085,0.0418776199221611,0,,
2,25,0.12082818895578384,0.25933602452278137,0.14851297438144684,0.18621726334095,0.011871893890202045,0.06964438408613205,0.04122273251414299,0.3282826244831085,0.0418776199221611,0,,
2,26,0.12399850785732269,0.25933602452278137,0.14581309258937836,0.18919390439987183,0.010314731858670712,0.06964436918497086,0.04122259467840195,0.3282826244831085,0.0418776199221611,0,,
2,27,0.12699159979820251,0.25933602452278137,0.1429489105939865,0.19219985604286194,0.0097142169252038,0.06964438408613205,0.04122273251414299,0.3282826244831085,0.0418776199221611,0,,
2,28,0.1293460875749588,0.25933602452278137,0.14035172760486603,0.19471603631973267,0.009702522307634354,0.06964436173439026,0.04122259467840195,0.3282826244831085,0.0418776199221611,0,,
2,29,0.13191929459571838,0.25933602452278137,0.13773377239704132,0.19737917184829712,0.009538419544696808,0.06964438408613205,0.04122273251414299,0.3282826244831085,0.0418776199221611,0,,
2,30,0.1335781067609787,0.25933602452278137,0.13544140756130219,0.19932329654693604,0.01007495541125536,0.06964436173439026,0.041222598403692245,0.3282826244831085,0.0418776199221611,0,,
2,31,0.13545766472816467,0.25933602452278137,0.13306036591529846,0.20143170654773712,0.010501249693334103,0.06964438408613205,0.04122273251414299,0.3282826244831085,0.0418776199221611,0,,
2,32,0.137115940451622,0.25933602452278137,0.1311117559671402,0.20317232608795166,0.01036394014954567,0.06964436173439026,0.04122259467840195,0.3282826244831085,0.0418776199221611,0,,
2,33,0.13874277472496033,0.25933602452278137,0.12923678755760193,0.2048458456993103,0.01017280388623476,0.06964438408613205,0.04122273251414299,0.3282826244831085,0.0418776199221611,0,,
2,34,0.14007455110549927,0.25933602452278137,0.12765435874462128,0.2061811089515686,0.009940475225448608,0.06964436173439026,0.04122259467840195,0.3282826244831085,0.0418776199221611,0,,
2,35,0.14120963215827942,0.25933602452278137,0.1264382153749466,0.20718565583229065,0.009361587464809418,0.06964438408613205,0.04122273251414299,0.3282826244831085,0.0418776199221611,0,,
2,36,0.14313000440597534,0.25933602452278137,0.12501056492328644,0.20883317291736603,0.00812598131597042,0.06964436173439026,0.04122259467840195,0.3282826244831085,0.0418776199221611,0,,
2,37,0.14578567445278168,0.25933602452278137,0.12439993023872375,0.21057820320129395,0.0042269667610526085,0.06964438408613205,0.04122273251414299,0.3282826244831085,0.0418776199221611,0,,
2,38,0.14905913174152374,0.25933602452278137,0.12429150193929672,0.21247829496860504,-0.0010908639524132013,0.06964436173439026,0.04122259467840195,0.3282826244831085,0.0418776199221611,0,,
2,39,0.15241938829421997,0.25933602452278137,0.12659107148647308,0.21326184272766113,-0.00943773239850998,0.06964438408613205,0.04122273251414299,0.3282826244831085,0.0418776199221611,0,,
2,40,0.15586985647678375,0.25933602452278137,0.12941963970661163,0.21390770375728607,-0.017419084906578064,0.06964436173439026,0.04122259467840195,0.3282826244831085,0.0418776199221611,0,,
2,41,0.15762312710285187,0.25933602452278137,0.1237720400094986,0.21786364912986755,-0.012196196243166924,0.06964438408613205,0.04122273251414299,0.3282826244831085,0.0418776199221611,0,,
2,42,0.15758225321769714,0.25933602452278137,0.1193787232041359,0.21993400156497955,-0.005981300957500935,0.06964436173439026,0.04122259467840195,0.3282826244831085,0.0418776199221611,0,,
2,43,0.15831996500492096,0.25933602452278137,0.11822308599948883,0.22087889909744263,-0.005384186748415232,0.06964438408613205,0.04122273251414299,0.3282826244831085,0.0418776199221611,0,,
2,44,0.1596992462873459,0.25933602452278137,0.11770295351743698,0.22195914387702942,-0.006546906195580959,0.06964436918497086,0.04122259467840195,0.3282826244831085,0.0418776199221611,0,,
2,45,0.1614907681941986,0.25933602452278137,0.1181553304195404,0.222845196723938,-0.009599962271749973,0.06964438408613205,0.04122273251414299,0.3282826244831085,0.0418776199221611,0,,
2,46,0.16423790156841278,0.25933602452278137,0.12194577604532242,0.22273263335227966,-0.0179029181599617,0.06964436173439026,0.04122259467840195,0.3282826244831085,0.0418776199221611,0,,
2,47,0.16843242943286896,0.25933602452278137,0.12507563829421997,0.22396834194660187,-0.025959976017475128,0.06964438408613205,0.04122273251414299,0.3282826244831085,0.0418776199221611,0,,
2,48,0.1694079488515854,0.25933602452278137,0.12442877888679504,0.224914088845253,-0.026227939873933792,0.06964436173439026,0.04122259467840195,0.3282826244831085,0.0418776199221611,0,,
2,49,0.17032675445079803,0.25933602452278137,0.1241796538233757,0.2256508618593216,-0.026854120194911957,0.06964438408613205,0.04122273251414299,0.3282826244831085,0.0418776199221611,0,,
2,50,0.1718882918357849,0.25933602452278137,0.12422297149896622,0.22667837142944336,-0.028412645682692528,0.06964436918497086,0.04122259467840195,0.3282826244831085,0.0418776199221611,1,False,False
3,1,0.20169533789157867,0.2518412470817566,0.24955184757709503,0.0059937117621302605,0.012230882421135902,-0.08960957825183868,-0.058672238141298294,0.16151393949985504,-0.058672238141298294,0,,
3,2,0.16388459503650665,0.2515787184238434,0.2405834197998047,-0.014642109163105488,-0.007582533173263073,-0.08934624493122101,-0.05850749835371971,0.16151393949985504,-0.058672238141298294,0,,
3,3,0.11189017444849014,0.25157850980758667,0.23850753903388977,-0.04420885816216469,-0.02774617448449135,-0.0893460363149643,-0.058507055044174194,0.16151393949985504,-0.058672238141298294,0,,
3,4,0.06607118993997574,0.2515787184238434,0.2487548440694809,-0.07316236197948456,-0.04045581445097923,-0.08934624493122101,-0.05850750207901001,0.16151393949985504,-0.058672238141298294,0,,
3,5,0.03496842086315155,0.25157850980758667,0.2558237910270691,-0.08862993866205215,-0.04990846663713455,-0.08934604376554489,-0.05850705876946449,0.16151393949985504,-0.058672238141298294,0,,
3,6,0.018714072182774544,0.25182533264160156,0.25308316946029663,-0.08878950774669647,-0.056424085050821304,-0.08958902955055237,-0.06009729951620102,0.16151393949985504,-0.058672238141298294,0,,
3,7,0.010140287689864635,0.25182420015335083,0.24604961276054382,-0.08307124674320221,-0.06127716600894928,-0.08958843350410461,-0.060093630105257034,0.16151393949985504,-0.058672238141298294,0,,
3,8,0.020743129774928093,0.25036272406578064,0.23108957707881927,-0.06823548674583435,-0.06475955247879028,-0.08810847997665405,-0.06169487163424492,0.16151393949985504,-0.058672238141298294,0,,
3,9,0.03562190383672714,0.2495248019695282,0.21537600457668304,-0.052313655614852905,-0.06721976399421692,-0.08725281804800034,-0.06276344507932663,0.16151393949985504,-0.058672238141298294,0,,
3,10,0.053122248500585556,0.2495252788066864,0.1983865648508072,-0.03489135205745697,-0.06770557910203934,-0.08725327253341675,-0.06276371330022812,0.16151393949985504,-0.058672238141298294,0,,
3,11,0.06881558150053024,0.2495252937078476,0.18295755982398987,-0.019130563363432884,-0.06695492565631866,-0.08725329488515854,-0.06276391446590424,0.16151393949985504,-0.058672238141298294,0,,
3,12,0.08340416103601456,0.2495252788066864,0.16872437298297882,-0.004525207914412022,-0.0662492960691452,-0.08725327253341675,-0.06276371330022812,0.16151393949985504,-0.058672238141298294,0,,
3,13,0.09619880467653275,0.2495252937078476,0.1562628597021103,0.008288190700113773,-0.06546694785356522,-0.08725329488515854,-0.06276391446590424,0.16151393949985504,-0.058672238141298294,0,,
3,14,0.10725001245737076,0.2495252639055252,0.1455521285533905,0.019347622990608215,-0.06477487832307816,-0.08725326508283615,-0.06276372075080872,0.16151393949985504,-0.058672238141298294,0,,
3,15,0.1159452348947525,0.2495252937078476,0.13700300455093384,0.02809729054570198,-0.06435053795576096,-0.08725329488515854,-0.06276391446590424,0.16151393949985504,-0.058672238141298294,0,,
3,16,0.12256073951721191,0.2495252639055252,0.13024969398975372,0.03482561558485031,-0.06385695934295654,-0.08725326508283615,-0.06276371330022812,0.16151393949985504,-0.058672238141298294,0,,
3,17,0.12819209694862366,0.2495252937078476,0.12459639459848404,0.04051884263753891,-0.06353618949651718,-0.08725329488515854,-0.06276391446590424,0.16151393949985504,-0.058672238141298294,0,,
3,18,0.1317092627286911,0.2495252788066864,0.12074687331914902,0.04414863511919975,-0.0634976327419281,-0.08725327253341675,-0.06276371330022812,0.16151393949985504,-0.058672238141298294,0,,
3,19,0.13370665907859802,0.2495252937078476,0.1181703731417656,0.04628131166100502,-0.06345118582248688,-0.08725329488515854,-0.06276391446590424,0.16151393949985504,-0.058672238141298294,0,,
3,20,0.1367408186197281,0.2495252788066864,0.11509522795677185,0.049339909106492996,-0.06350048631429672,-0.08725327253341675,-0.06276371330022812,0.16151393949985504,-0.058672238141298294,0,,
3,21,0.14116190373897552,0.2495252937078476,0.1113990843296051,0.05365603417158127,-0.06401848793029785,-0.08725329488515854,-0.06276391446590424,0.16151393949985504,-0.058672238141298294,0,,
3,22,0.1442704051733017,0.2495252639055252,0.1089119017124176,0.05666662007570267,-0.06432943791151047,-0.08725326508283615,-0.06276371330022812,0.16151393949985504,-0.058672238141298294,0,,
3,23,0.14560186862945557,0.2495252937078476,0.1076277643442154,0.05800122022628784,-0.0643196851015091,-0.08725329488515854,-0.06276391446590424,0.16151393949985504,-0.058672238141298294,0,,
3,24,0.1464015245437622,0.2495252639055252,0.10670774430036545,0.05883229151368141,-0.06416048109531403,-0.08725326508283615,-0.06276371330022812,0.16151393949985504,-0.058672238141298294,0,,
3,25,0.14672532677650452,0.2495252937078476,0.10613550245761871,0.059206247329711914,-0.06398799270391464,-0.08725329488515854,-0.06276391446590424,0.16151393949985504,-0.058672238141298294,0,,
3,26,0.14684979617595673,0.2495252788066864,0.10571159422397614,0.05938582867383957,-0.06399908661842346,-0.08725327253341675,-0.06276371330022812,0.16151393949985504,-0.058672238141298294,0,,
3,27,0.14730344712734222,0.2495252937078476,0.10509394109249115,0.05987025052309036,-0.0639600083231926,-0.08725329488515854,-0.06276391446590424,0.16151393949985504,-0.058672238141298294,0,,
3,28,0.14778605103492737,0.2495252639055252,0.10450490564107895,0.060372911393642426,-0.06387405097484589,-0.08725326508283615,-0.06276371330022812,0.16151393949985504,-0.058672238141298294,0,,
3,29,0.14789526164531708,0.2495252937078476,0.10421229153871536,0.06051032990217209,-0.06361713260412216,-0.08725329488515854,-0.06276391446590424,0.16151393949985504,-0.058672238141298294,0,,
3,30,0.14753463864326477,0.2495252639055252,0.10426818579435349,0.060190051794052124,-0.06332091987133026,-0.08725326508283615,-0.06276371330022812,0.16151393949985504,-0.058672238141298294,0,,
3,31,0.14856091141700745,0.2495252937078476,0.10336462408304214,0.06120356172323227,-0.06306616216897964,-0.08725329488515854,-0.06276391446590424,0.16151393949985504,-0.058672238141298294,0,,
3,32,0.14929702877998352,0.2495252639055252,0.1027727723121643,0.061922647058963776,-0.06295505166053772,-0.08725326508283615,-0.06276372075080872,0.16151393949985504,-0.058672238141298294,0,,
3,33,0.15065337717533112,0.2495252937078476,0.10175488889217377,0.06323528289794922,-0.06280186027288437,-0.08725329488515854,-0.06276391446590424,0.16151393949985504,-0.058672238141298294,0,,
3,34,0.15110628306865692,0.2495252639055252,0.10144838690757751,0.06366696953773499,-0.06264400482177734,-0.08725326508283615,-0.06276371330022812,0.16151393949985504,-0.058672238141298294,0,,
3,35,0.15120084583759308,0.2495252937078476,0.10133756697177887,0.06376386433839798,-0.06251897662878036,-0.08725329488515854,-0.06276391446590424,0.16151393949985504,-0.058672238141298294,0,,
3,36,0.15180017054080963,0.2495252788066864,0.1009102463722229,0.06433847546577454,-0.06239510327577591,-0.08725327253341675,-0.06276371330022812,0.16151393949985504,-0.058672238141298294,0,,
3,37,0.15209831297397614,0.2495253086090088,0.10072653740644455,0.06461931765079498,-0.06234624981880188,-0.08725330233573914,-0.06276391446590424,0.16151393949985504,-0.058672238141298294,0,,
3,38,0.15201020240783691,0.2495252639055252,0.10078796744346619,0.06453479081392288,-0.062314484268426895,-0.08725326508283615,-0.06276371330022812,0.16151393949985504,-0.058672238141298294,0,,
3,39,0.15191131830215454,0.2495252937078476,0.100843645632267,0.06444144248962402,-0.06220995634794235,-0.08725329488515854,-0.06276391446590424,0.16151393949985504,-0.058672238141298294,0,,
3,40,0.15133054554462433,0.2495252788066864,0.10121524333953857,0.0638909712433815,-0.06223101541399956,-0.08725327253341675,-0.06276372075080872,0.16151393949985504,-0.058672238141298294,0,,
3,41,0.15124623477458954,0.2495252937078476,0.10122483968734741,0.06381714344024658,-0.062141526490449905,-0.08725329488515854,-0.06276391446590424,0.16151393949985504,-0.058672238141298294,0,,
3,42,0.15110066533088684,0.2495252788066864,0.10130757838487625,0.063680000603199,-0.0620872862637043,-0.08725327253341675,-0.06276371330022812,0.16151393949985504,-0.058672238141298294,0,,
3,43,0.15149256587028503,0.2495252937078476,0.10100378841161728,0.06406038999557495,-0.06206444278359413,-0.08725329488515854,-0.06276392191648483,0.16151393949985504,-0.058672238141298294,0,,
3,44,0.1516384780406952,0.2495252788066864,0.10090544074773788,0.06419981271028519,-0.062068358063697815,-0.08725327253341675,-0.06276372075080872,0.16151393949985504,-0.058672238141298294,0,,
3,45,0.15155278146266937,0.2495252937078476,0.10093910992145538,0.06412108242511749,-0.061996351927518845,-0.08725329488515854,-0.06276391446590424,0.16151393949985504,-0.058672238141298294,0,,
3,46,0.15135246515274048,0.2495252788066864,0.10104800760746002,0.06393231451511383,-0.0618501678109169,-0.08725327253341675,-0.06276371330022812,0.16151393949985504,-0.058672238141298294,0,,
3,47,0.15123488008975983,0.2495252937078476,0.10108401626348495,0.06382535398006439,-0.06174595654010773,-0.08725329488515854,-0.06276391446590424,0.16151393949985504,-0.058672238141298294,0,,
3,48,0.15111534297466278,0.2495252788066864,0.10111984610557556,0.06371618807315826,-0.06161293014883995,-0.08725327253341675,-0.06276371330022812,0.16151393949985504,-0.058672238141298294,0,,
3,49,0.15136083960533142,0.2495252937078476,0.10090480744838715,0.06395697593688965,-0.061469078063964844,-0.08725329488515854,-0.06276391446590424,0.16151393949985504,-0.058672238141298294,0,,
3,50,0.15156525373458862,0.2495252639055252,0.10074178874492645,0.06415506452322006,-0.061349641531705856,-0.08725326508283615,-0.06276371330022812,0.16151393949985504,-0.058672238141298294,1,False,False
4,1,0.1692139208316803,0.2595750391483307,0.28828370571136475,0.0005032876506447792,0.015564808622002602,-0.03608141839504242,0.06090996414422989,0.22279731929302216,0.06090996414422989,0,,
4,2,0.13877306878566742,0.2596971094608307,0.28638994693756104,-0.017303243279457092,0.02974892035126686,-0.03620362654328346,0.0606142021715641,0.22279731929302216,0.06090996414422989,0,,
4,3,0.09805052727460861,0.2596968710422516,0.29004618525505066,-0.042762599885463715,0.043895866721868515,-0.03620342165231705,0.06061464175581932,0.22279731929302216,0.06090996414422989,0,,
4,4,0.06992077827453613,0.2596971094608307,0.29350337386131287,-0.05801432579755783,0.05369224771857262,-0.03620362654328346,0.060614198446273804,0.22279731929302216,0.06090996414422989,0,,
4,5,0.05135628953576088,0.2596968710422516,0.2927662432193756,-0.06317529827356339,0.06072288751602173,-0.03620342165231705,0.06061464175581932,0.22279731929302216,0.06090996414422989,0,,
4,6,0.03611430525779724,0.2596971094608307,0.2866923213005066,-0.06020273268222809,0.06423283368349075,-0.03620362654328346,0.0606142021715641,0.22279731929302216,0.06090996414422989,0,,
4,7,0.021027281880378723,0.2596968710422516,0.27605122327804565,-0.0512721911072731,0.0660739541053772,-0.03620342165231705,0.06061463803052902,0.22279731929302216,0.06090996414422989,0,,
4,8,0.008192813955247402,0.25827595591545105,0.2590000629425049,-0.03481774777173996,0.06591852754354477,-0.034775830805301666,0.062152840197086334,0.22279731929302216,0.06090996414422989,0,,
4,9,0.021568937227129936,0.2582763731479645,0.23902542889118195,-0.014727753587067127,0.06501291692256927,-0.03477621451020241,0.06215236335992813,0.22279731929302216,0.06090996414422989,0,,
4,10,0.042338769882917404,0.2582763731479645,0.21871255338191986,0.00614093616604805,0.06280239671468735,-0.03477621078491211,0.06215235963463783,0.22279731929302216,0.06090996414422989,0,,
4,11,0.05934890732169151,0.2582763135433197,0.20186559855937958,0.02331310138106346,0.05957778915762901,-0.03477620705962181,0.06215235963463783,0.22279731929302216,0.06090996414422989,0,,
4,12,0.07161610573530197,0.2582763135433197,0.18900689482688904,0.0360320620238781,0.05795924365520477,-0.03477620705962181,0.06215235963463783,0.22279731929302216,0.06090996414422989,0,,
4,13,0.08410682529211044,0.2582763731479645,0.17685016989707947,0.04851674288511276,0.05795663222670555,-0.03477621078491211,0.06215235963463783,0.22279731929302216,0.06090996414422989,0,,
4,14,0.09630367159843445,0.2582763135433197,0.16586552560329437,0.060351770371198654,0.05783283710479736,-0.03477620705962181,0.06215236335992813,0.22279731929302216,0.06090996414422989,0,,
4,15,0.10148901492357254,0.2582763731479645,0.16006803512573242,0.06584732234477997,0.05705021694302559,-0.03477621078491211,0.06215235963463783,0.22279731929302216,0.06090996414422989,0,,
4,16,0.10548674315214157,0.2582763731479645,0.15529856085777283,0.07016097754240036,0.05681978911161423,-0.03477621078491211,0.06215235963463783,0.22279731929302216,0.06090996414422989,0,,
4,17,0.10963759571313858,0.2582763731479645,0.15081258118152618,0.0744396299123764,0.056447748094797134,-0.03477621078491211,0.06215235963463783,0.22279731929302216,0.06090996414422989,0,,
4,18,0.11199294030666351,0.2582763135433197,0.1478763371706009,0.0769246369600296,0.05554795637726784,-0.03477620705962181,0.06215235963463783,0.22279731929302216,0.06090996414422989,0,,
4,19,0.11592300236225128,0.2582763731479645,0.14387525618076324,0.08085478842258453,0.05480772256851196,-0.03477621078491211,0.06215235963463783,0.22279731929302216,0.06090996414422989,0,,
4,20,0.12079879641532898,0.2582763135433197,0.13942380249500275,0.08562198281288147,0.05359818786382675,-0.03477620705962181,0.06215235963463783,0.22279731929302216,0.06090996414422989,0,,
4,21,0.12633395195007324,0.2582763731479645,0.1347498744726181,0.09094029664993286,0.052051056176424026,-0.03477621078491211,0.06215235963463783,0.22279731929302216,0.06090996414422989,0,,
4,22,0.13073278963565826,0.2582763135433197,0.1311979591846466,0.0951002836227417,0.05038902908563614,-0.03477620705962181,0.06215235963463783,0.22279731929302216,0.06090996414422989,0,,
4,23,0.13357608020305634,0.2582763731479645,0.12881185114383698,0.09778693318367004,0.04885183274745941,-0.03477621078491211,0.06215235963463783,0.22279731929302216,0.06090996414422989,0,,
4,24,0.13697831332683563,0.2582763135433197,0.12614378333091736,0.10097987949848175,0.047488074749708176,-0.03477620705962181,0.06215236335992813,0.22279731929302216,0.06090996414422989,0,,
4,25,0.1408052146434784,0.2582763731479645,0.12344589084386826,0.10450268536806107,0.046098124235868454,-0.03477621078491211,0.06215235963463783,0.22279731929302216,0.06090996414422989,0,,
4,26,0.1425553560256958,0.2582763135433197,0.12218392640352249,0.1060744971036911,0.04459867626428604,-0.03477620705962181,0.06215235963463783,0.22279731929302216,0.06090996414422989,0,,
4,27,0.14436748623847961,0.2582763731479645,0.12086013704538345,0.10772179067134857,0.04333120584487915,-0.03477621078491211,0.06215235963463783,0.22279731929302216,0.06090996414422989,0,,
4,28,0.1465834230184555,0.2582763731479645,0.11940070986747742,0.10972444713115692,0.0422651581466198,-0.03477621078491211,0.06215235963463783,0.22279731929302216,0.06090996414422989,0,,
4,29,0.14889833331108093,0.2582763731479645,0.11795327812433243,0.1118103563785553,0.04134358465671539,-0.03477621078491211,0.06215235963463783,0.22279731929302216,0.06090996414422989,0,,
4,30,0.15122069418430328,0.2582763135433197,0.11663920432329178,0.11387032270431519,0.04044811427593231,-0.03477620705962181,0.06215235963463783,0.22279731929302216,0.06090996414422989,0,,
4,31,0.1523415446281433,0.2582763731479645,0.11604012548923492,0.11482364684343338,0.03947647660970688,-0.03477621078491211,0.06215235963463783,0.22279731929302216,0.06090996414422989,0,,
4,32,0.15259712934494019,0.2582763731479645,0.11575109511613846,0.11505486071109772,0.03880688548088074,-0.03477621078491211,0.06215235963463783,0.22279731929302216,0.06090996414422989,0,,
4,33,0.1525207757949829,0.2582763731479645,0.11557716876268387,0.1150122582912445,0.03833261504769325,-0.03477621078491211,0.06215235963463783,0.22279731929302216,0.06090996414422989,0,,
4,34,0.15273332595825195,0.2582763731479645,0.11522118002176285,0.1152462288737297,0.03799876570701599,-0.03477621078491211,0.06215235963463783,0.22279731929302216,0.06090996414422989,0,,
4,35,0.1537158489227295,0.2582763731479645,0.11454793065786362,0.1161523088812828,0.03761611506342888,-0.03477621078491211,0.06215235963463783,0.22279731929302216,0.06090996414422989,0,,
4,36,0.15410971641540527,0.2582763731479645,0.1142779216170311,0.11649373173713684,0.03715170919895172,-0.03477621078491211,0.06215235963463783,0.22279731929302216,0.06090996414422989,0,,
4,37,0.1545114368200302,0.2582763731479645,0.1139315739274025,0.11687131226062775,0.03683594614267349,-0.03477621078491211,0.06215235963463783,0.22279731929302216,0.06090996414422989,0,,
4,38,0.15511475503444672,0.2582763135433197,0.11351494491100311,0.11742780357599258,0.036579567939043045,-0.03477620705962181,0.06215235963463783,0.22279731929302216,0.06090996414422989,0,,
4,39,0.15537181496620178,0.2582763731479645,0.11331983655691147,0.11765401065349579,0.03626135736703873,-0.03477621078491211,0.06215235963463783,0.22279731929302216,0.06090996414422989,0,,
4,40,0.15552647411823273,0.2582763135433197,0.11315164715051651,0.11779879778623581,0.03601713478565216,-0.03477620705962181,0.06215235963463783,0.22279731929302216,0.06090996414422989,0,,
4,41,0.15672099590301514,0.2582763135433197,0.11245647072792053,0.11890280991792679,0.0359615683555603,-0.03477620705962181,0.06215235963463783,0.22279731929302216,0.06090996414422989,0,,
4,42,0.1567302793264389,0.2582763135433197,0.1124626025557518,0.11889287084341049,0.03575020283460617,-0.03477620705962181,0.06215235963463783,0.22279731929302216,0.06090996414422989,0,,
4,43,0.15636563301086426,0.2582763731479645,0.1125112920999527,0.11858641356229782,0.03563002869486809,-0.03477621078491211,0.06215235963463783,0.22279731929302216,0.06090996414422989,0,,
4,44,0.1575414091348648,0.2582763731479645,0.1118532046675682,0.11966592818498611,0.03554782643914223,-0.03477621078491211,0.06215235963463783,0.22279731929302216,0.06090996414422989,0,,
4,45,0.15837882459163666,0.2582763731479645,0.11151497811079025,0.12039189040660858,0.03536265715956688,-0.03477621078491211,0.06215235963463783,0.22279731929302216,0.06090996414422989,0,,
4,46,0.15774841606616974,0.2582763731479645,0.11181766539812088,0.11980367451906204,0.035106316208839417,-0.03477621078491211,0.06215235963463783,0.22279731929302216,0.06090996414422989,0,,
4,47,0.1582617461681366,0.2582763731479645,0.11144864559173584,0.12029814720153809,0.03509804606437683,-0.03477621078491211,0.06215236335992813,0.22279731929302216,0.06090996414422989,0,,
4,48,0.1590394526720047,0.2582763731479645,0.11115174740552902,0.12097130715847015,0.034963857382535934,-0.03477621078491211,0.06215235963463783,0.22279731929302216,0.06090996414422989,0,,
4,49,0.15835361182689667,0.2582763731479645,0.11150038242340088,0.12033450603485107,0.034800998866558075,-0.03477621078491211,0.06215235963463783,0.22279731929302216,0.06090996414422989,0,,
4,50,0.15878702700138092,0.2582763731479645,0.11115408688783646,0.12076912820339203,0.03490095213055611,-0.03477621078491211,0.06215235963463783,0.22279731929302216,0.06090996414422989,1,False,False
5,1,0.18076816201210022,0.24379558861255646,0.27873748540878296,0.011379671283066273,-0.023325322195887566,-0.031238935887813568,-0.08153574913740158,0.21181514859199524,-0.08153574913740158,0,,
5,2,0.14824308454990387,0.24380327761173248,0.2736009359359741,-0.006713792681694031,-0.041095588356256485,-0.031246449798345566,-0.08122243732213974,0.21181514859199524,-0.08153574913740158,0,,
5,3,0.10524721443653107,0.24380306899547577,0.27390310168266296,-0.03248243406414986,-0.05677543208003044,-0.0312462467700243,-0.08122199773788452,0.21181514859199524,-0.08153574913740158,0,,
5,4,0.07437028735876083,0.24380327761173248,0.27795788645744324,-0.05101843550801277,-0.06684146821498871,-0.031246449798345566,-0.08122243732213974,0.21181514859199524,-0.08153574913740158,0,,
5,5,0.05427072197198868,0.24380306899547577,0.2787880003452301,-0.05917831137776375,-0.07568692415952682,-0.0312462467700243,-0.08122199773788452,0.21181514859199524,-0.08153574913740158,0,,
5,6,0.038595110177993774,0.24380327761173248,0.27301082015037537,-0.05698586255311966,-0.0802091658115387,-0.031246449798345566,-0.08122244477272034,0.21181514859199524,-0.08153574913740158,0,,
5,7,0.023059440776705742,0.24380306899547577,0.2623315155506134,-0.04822774603962898,-0.08219258487224579,-0.03124624863266945,-0.08122199773788452,0.21181514859199524,-0.08153574913740158,0,,
5,8,0.008503672666847706,0.24353370070457458,0.24651092290878296,-0.033222995698451996,-0.08407790213823318,-0.030976196750998497,-0.08149757981300354,0.21181514859199524,-0.08153574913740158,0,,
5,9,0.016186926513910294,0.2424805611371994,0.22797997295856476,-0.014833778142929077,-0.08506253361701965,-0.029917385429143906,-0.08262690156698227,0.21181514859199524,-0.08153574913740158,0,,
5,10,0.033620551228523254,0.2391507625579834,0.20799870789051056,0.005774133838713169,-0.08416952937841415,-0.026556534692645073,-0.08260766416788101,0.21181514859199524,-0.08153574913740158,0,,
5,11,0.04534531012177467,0.23165176808834076,0.19017088413238525,0.024373065680265427,-0.08362121134996414,-0.019052324816584587,-0.08285732567310333,0.21181514859199524,-0.08153574913740158,0,,
5,12,0.05674878880381584,0.2306896597146988,0.17744134366512299,0.03722976893186569,-0.08314956724643707,-0.018086737021803856,-0.0828934758901596,0.21181514859199524,-0.08153574913740158,0,,
5,13,0.0653274655342102,0.23068970441818237,0.1681850552558899,0.046321142464876175,-0.08325283229351044,-0.018086770549416542,-0.08289363235235214,0.21181514859199524,-0.08153574913740158,0,,
5,14,0.07275479286909103,0.23068967461585999,0.16050638258457184,0.05396907776594162,-0.08408154547214508,-0.01808675192296505,-0.082893505692482,0.21181514859199524,-0.08153574913740158,0,,
5,15,0.07892794162034988,0.23068968951702118,0.15418066084384918,0.06027459725737572,-0.0850382149219513,-0.0180867537856102,-0.082893505692482,0.21181514859199524,-0.08153574913740158,0,,
5,16,0.08533279597759247,0.23068970441818237,0.14804835617542267,0.06664580851793289,-0.08532335609197617,-0.018086770549416542,-0.08289363235235214,0.21181514859199524,-0.08153574913740158,0,,
5,17,0.09022722393274307,0.23068967461585999,0.14328646659851074,0.07155027985572815,-0.0852106511592865,-0.01808675192296505,-0.08289351314306259,0.21181514859199524,-0.08153574913740158,0,,
5,18,0.09499888122081757,0.23068967461585999,0.1387690007686615,0.07629328221082687,-0.08467194437980652,-0.0180867500603199,-0.08289351314306259,0.21181514859199524,-0.08153574913740158,0,,
5,19,0.09743526577949524,0.23068967461585999,0.1360742151737213,0.07884306460618973,-0.08504053950309753,-0.01808675192296505,-0.082893505692482,0.21181514859199524,-0.08153574913740158,0,,
5,20,0.10116191953420639,0.23068968951702118,0.13248975574970245,0.08256488293409348,-0.08515133708715439,-0.018086768686771393,-0.08289363235235214,0.21181514859199524,-0.08153574913740158,0,,
5,21,0.10603084415197372,0.23068968951702118,0.12844888865947723,0.08723309636116028,-0.0848025381565094,-0.018086768686771393,-0.08289363235235214,0.21181514859199524,-0.08153574913740158,0,,
5,22,0.11008159071207047,0.23068967461585999,0.1252262145280838,0.0910770520567894,-0.08454622328281403,-0.01808675192296505,-0.08289351314306259,0.21181514859199524,-0.08153574913740158,0,,
5,23,0.11269710212945938,0.23068967461585999,0.12302537262439728,0.09360240399837494,-0.08483318239450455,-0.018086746335029602,-0.08289351314306259,0.21181514859199524,-0.08153574913740158,0,,
5,24,0.11503854393959045,0.23068968951702118,0.1210239827632904,0.09587661176919937,-0.0852167010307312,-0.018086768686771393,-0.08289363235235214,0.21181514859199524,-0.08153574913740158,0,,
5,25,0.11780954897403717,0.23068967461585999,0.11887297034263611,0.09850266575813293,-0.08544043451547623,-0.01808675192296505,-0.08289351314306259,0.21181514859199524,-0.08153574913740158,0,,
5,26,0.12057925015687943,0.23068967461585999,0.11688755452632904,0.10108019411563873,-0.0855836272239685,-0.01808674819767475,-0.082893505692482,0.21181514859199524,-0.08153574913740158,0,,
5,27,0.12239733338356018,0.23068968951702118,0.1155417338013649,0.10278970003128052,-0.08577297627925873,-0.018086768686771393,-0.08289363235235214,0.21181514859199524,-0.08153574913740158,0,,
5,28,0.12376400083303452,0.23068968951702118,0.11443311721086502,0.10410955548286438,-0.0857478454709053,-0.0180867537856102,-0.082893505692482,0.21181514859199524,-0.08153574913740158,0,,
5,29,0.12462879717350006,0.23068968951702118,0.11364121735095978,0.10497495532035828,-0.08574804663658142,-0.018086768686771393,-0.08289363235235214,0.21181514859199524,-0.08153574913740158,0,,
5,30,0.1254287213087082,0.23068968951702118,0.11292122304439545,0.10577020049095154,-0.0860840305685997,-0.018086768686771393,-0.08289363235235214,0.21181514859199524,-0.08153574913740158,0,,
5,31,0.1268458217382431,0.23068967461585999,0.11194400489330292,0.10708603262901306,-0.08628245443105698,-0.01808675192296505,-0.08289351314306259,0.21181514859199524,-0.08153574913740158,0,,
5,32,0.1275000423192978,0.23068970441818237,0.1113831028342247,0.10772859305143356,-0.08653879910707474,-0.018086770549416542,-0.08289363235235214,0.21181514859199524,-0.08153574913740158,0,,
5,33,0.1279447078704834,0.23068967461585999,0.11085694283246994,0.10821262001991272,-0.08654970675706863,-0.01808675192296505,-0.082893505692482,0.21181514859199524,-0.08153574913740158,0,,
5,34,0.12852531671524048,0.23068967461585999,0.11029843240976334,0.10880465805530548,-0.08636782318353653,-0.01808675192296505,-0.08289351314306259,0.21181514859199524,-0.08153574913740158,0,,
5,35,0.1289268434047699,0.23068967461585999,0.10984613746404648,0.10923445969820023,-0.08629880100488663,-0.01808675192296505,-0.082893505692482,0.21181514859199524,-0.08153574913740158,0,,
5,36,0.12881916761398315,0.23068970441818237,0.10960648208856583,0.10923218727111816,-0.08619654923677444,-0.018086770549416542,-0.08289363235235214,0.21181514859199524,-0.08153574913740158,0,,
5,37,0.12844879925251007,0.23068967461585999,0.10943758487701416,0.10901737213134766,-0.08604639768600464,-0.01808675192296505,-0.08289351314306259,0.21181514859199524,-0.08153574913740158,0,,
5,38,0.12914760410785675,0.23068967461585999,0.10873062163591385,0.10973809659481049,-0.085758276283741,-0.0180867500603199,-0.082893505692482,0.21181514859199524,-0.08153574913740158,0,,
5,39,0.1297801434993744,0.23068970441818237,0.10815020650625229,0.11037205904722214,-0.08559884130954742,-0.018086770549416542,-0.08289363235235214,0.21181514859199524,-0.08153574913740158,0,,
5,40,0.13033360242843628,0.23068968951702118,0.10758472234010696,0.11094377189874649,-0.08549155294895172,-0.018086768686771393,-0.08289363980293274,0.21181514859199524,-0.08153574913740158,0,,
5,41,0.13111484050750732,0.23068967461585999,0.10694123804569244,0.11170486360788345,-0.08545602113008499,-0.01808675192296505,-0.082893505692482,0.21181514859199524,-0.08153574913740158,0,,
5,42,0.1318368762731552,0.23068970441818237,0.10635951906442642,0.11240479350090027,-0.08544710278511047,-0.018086770549416542,-0.08289363235235214,0.21181514859199524,-0.08153574913740158,0,,
5,43,0.13206465542316437,0.23068967461585999,0.10602126270532608,0.11267121136188507,-0.08532841503620148,-0.0180867500603199,-0.08289351314306259,0.21181514859199524,-0.08153574913740158,0,,
5,44,0.1321033537387848,0.23068967461585999,0.10577287524938583,0.11277153342962265,-0.08529800176620483,-0.01808675192296505,-0.082893505692482,0.21181514859199524,-0.08153574913740158,0,,
5,45,0.13245931267738342,0.23068967461585999,0.10538439452648163,0.11314602196216583,-0.0852067768573761,-0.018086746335029602,-0.082893505692482,0.21181514859199524,-0.08153574913740158,0,,
5,46,0.13307876884937286,0.23068970441818237,0.10489566624164581,0.11374428123235703,-0.08505675196647644,-0.018086770549416542,-0.08289363235235214,0.21181514859199524,-0.08153574913740158,0,,
5,47,0.13341225683689117,0.23068967461585999,0.10457681864500046,0.11408191919326782,-0.08513393253087997,-0.01808675192296505,-0.082893505692482,0.21181514859199524,-0.08153574913740158,0,,
5,48,0.13376888632774353,0.23068967461585999,0.10425494611263275,0.11443758755922318,-0.08521150052547455,-0.0180867500603199,-0.082893505692482,0.21181514859199524,-0.08153574913740158,0,,
5,49,0.13455937802791595,0.23068968951702118,0.10377338528633118,0.11516110599040985,-0.08528096973896027,-0.018086768686771393,-0.08289363235235214,0.21181514859199524,-0.08153574913740158,0,,
5,50,0.13530734181404114,0.23068967461585999,0.10340849310159683,0.11581982672214508,-0.0855264738202095,-0.01808675192296505,-0.082893505692482,0.21181514859199524,-0.08153574913740158,1,False,False
6,1,0.1597173660993576,0.24952909350395203,0.30733582377433777,0.0026753097772598267,-0.007507929112762213,0.004615798592567444,-0.061220042407512665,0.25342047214508057,-0.061220042407512665,0,,
6,2,0.13319602608680725,0.24975864589214325,0.30626264214515686,-0.013494023121893406,-0.022145306691527367,0.004385662730783224,-0.06143997609615326,0.25342047214508057,-0.061220042407512665,0,,
6,3,0.10190463066101074,0.24975866079330444,0.30890312790870667,-0.034177809953689575,-0.036875225603580475,0.004385653417557478,-0.06143980845808983,0.25342047214508057,-0.061220042407512665,0,,
6,4,0.08190055191516876,0.24975864589214325,0.3100491762161255,-0.04505850374698639,-0.04739150404930115,0.004385665059089661,-0.06143997237086296,0.25342047214508057,-0.061220042407512665,0,,
6,5,0.06651867926120758,0.24975866079330444,0.30460432171821594,-0.044354360550642014,-0.05569995567202568,0.004385653883218765,-0.06143980845808983,0.25342047214508057,-0.061220042407512665,0,,
6,6,0.052067819982767105,0.24975864589214325,0.2951151430606842,-0.03742199391126633,-0.061578065156936646,0.004385664593428373,-0.06143997609615326,0.25342047214508057,-0.061220042407512665,0,,
6,7,0.035718780010938644,0.24975866079330444,0.28070008754730225,-0.024407245218753815,-0.06443214416503906,0.004385654348880053,-0.06143980845808983,0.25342047214508057,-0.061220042407512665,0,,
6,8,0.01923123560845852,0.24933837354183197,0.26395753026008606,-0.008507953956723213,-0.06556517630815506,0.004807965364307165,-0.06187412515282631,0.25342047214508057,-0.061220042407512665,0,,
6,9,0.010038272477686405,0.24813003838062286,0.24660766124725342,0.008494681678712368,-0.0657244622707367,0.006026876159012318,-0.06320010125637054,0.25342047214508057,-0.061220042407512665,0,,
6,10,0.023652978241443634,0.24813112616539001,0.22804832458496094,0.027282975614070892,-0.06498140096664429,0.006025770679116249,-0.06319986283779144,0.25342047214508057,-0.061220042407512665,0,,
6,11,0.041679445654153824,0.24783757328987122,0.21007190644741058,0.04584521800279617,-0.06506115943193436,0.006318727508187294,-0.06300697475671768,0.25342047214508057,-0.061220042407512665,0,,
6,12,0.05518651008605957,0.24783790111541748,0.19621072709560394,0.05988965183496475,-0.06518293917179108,0.006318399216979742,-0.06300720572471619,0.25342047214508057,-0.061220042407512665,0,,
6,13,0.0631525069475174,0.24783793091773987,0.18707223236560822,0.06864310055971146,-0.06535034626722336,0.006318375468254089,-0.06300736218690872,0.25342047214508057,-0.061220042407512665,0,,
6,14,0.07271135598421097,0.24783790111541748,0.17738890647888184,0.0783732533454895,-0.06564576178789139,0.0063183982856571674,-0.06300720572471619,0.25342047214508057,-0.061220042407512665,0,,
6,15,0.08121979981660843,0.24783793091773987,0.16901803016662598,0.08690650016069412,-0.06642384827136993,0.006318375933915377,-0.06300736218690872,0.25342047214508057,-0.061220042407512665,0,,
6,16,0.09164830297231674,0.24783790111541748,0.15973995625972748,0.09697917848825455,-0.06726477295160294,0.0063183982856571674,-0.06300720572471619,0.25342047214508057,-0.061220042407512665,0,,
6,17,0.1023547351360321,0.24783793091773987,0.15121595561504364,0.10695663839578629,-0.06790374964475632,0.006318375933915377,-0.06300736218690872,0.25342047214508057,-0.061220042407512665,0,,
6,18,0.11054585874080658,0.24783790111541748,0.1449364870786667,0.11454524099826813,-0.06866095960140228,0.006318399216979742,-0.06300720572471619,0.25342047214508057,-0.061220042407512665,0,,
6,19,0.11641469597816467,0.24783793091773987,0.14034634828567505,0.1200634092092514,-0.06917773932218552,0.006318374536931515,-0.06300736218690872,0.25342047214508057,-0.061220042407512665,0,,
6,20,0.12146386504173279,0.24783790111541748,0.13643504679203033,0.12482306361198425,-0.06988205015659332,0.006318399216979742,-0.06300720572471619,0.25342047214508057,-0.061220042407512665,0,,
6,21,0.12421370297670364,0.24783793091773987,0.13373830914497375,0.12764854729175568,-0.07074122130870819,0.006318374536931515,-0.06300736218690872,0.25342047214508057,-0.061220042407512665,0,,
6,22,0.12754979729652405,0.24783790111541748,0.13075914978981018,0.13096949458122253,-0.0711958035826683,0.0063183982856571674,-0.06300720572471619,0.25342047214508057,-0.061220042407512665,0,,
6,23,0.13161686062812805,0.24783793091773987,0.12787429988384247,0.13474571704864502,-0.07168644666671753,0.006318377796560526,-0.06300736218690872,0.25342047214508057,-0.061220042407512665,0,,
6,24,0.1353021115064621,0.24783790111541748,0.12552452087402344,0.13808345794677734,-0.07247831672430038,0.006318398751318455,-0.06300720572471619,0.25342047214508057,-0.061220042407512665,0,,
6,25,0.1375662088394165,0.24783793091773987,0.12385983765125275,0.14022111892700195,-0.07341206073760986,0.006318375468254089,-0.06300736218690872,0.25342047214508057,-0.061220042407512665,0,,
6,26,0.13951392471790314,0.24783791601657867,0.12233775109052658,0.142098069190979,-0.07420951128005981,0.006318397354334593,-0.06300720572471619,0.25342047214508057,-0.061220042407512665,0,,
6,27,0.14107827842235565,0.24783793091773987,0.12112179398536682,0.14359405636787415,-0.07551542669534683,0.006318374536931515,-0.06300736218690872,0.25342047214508057,-0.061220042407512665,0,,
6,28,0.1417882740497589,0.24783790111541748,0.12021728605031967,0.14438210427761078,-0.07695408910512924,0.006318399216979742,-0.06300720572471619,0.25342047214508057,-0.061220042407512665,0,,
6,29,0.14200231432914734,0.24783793091773987,0.11944662034511566,0.14477887749671936,-0.07800651341676712,0.00631837360560894,-0.06300736218690872,0.25342047214508057,-0.061220042407512665,0,,
6,30,0.1427016705274582,0.24783791601657867,0.11828447878360748,0.1456693410873413,-0.07810214161872864,0.006318397354334593,-0.06300720572471619,0.25342047214508057,-0.061220042407512665,0,,
6,31,0.14362390339374542,0.24783793091773987,0.11715201288461685,0.1467020958662033,-0.07823869585990906,0.006318376865237951,-0.06300736218690872,0.25342047214508057,-0.061220042407512665,0,,
6,32,0.14431646466255188,0.24783790111541748,0.11611254513263702,0.14753730595111847,-0.07838824391365051,0.006318398751318455,-0.06300720572471619,0.25342047214508057,-0.061220042407512665,0,,
6,33,0.14576323330402374,0.24783793091773987,0.11502166837453842,0.14892083406448364,-0.07880228757858276,0.006318374536931515,-0.06300736218690872,0.25342047214508057,-0.061220042407512665,0,,
6,34,0.14792226254940033,0.24783791601657867,0.1138443872332573,0.1508614718914032,-0.07878227531909943,0.00631839781999588,-0.06300720572471619,0.25342047214508057,-0.061220042407512665,0,,
6,35,0.14947615563869476,0.24783793091773987,0.11300350725650787,0.15226240456104279,-0.07869037240743637,0.006318375468254089,-0.06300736218690872,0.25342047214508057,-0.061220042407512665,0,,
6,36,0.14993417263031006,0.24783790111541748,0.11254146695137024,0.15273472666740417,-0.07909752428531647,0.0063183982856571674,-0.06300720572471619,0.25342047214508057,-0.061220042407512665,0,,
6,37,0.15028123557567596,0.24783793091773987,0.11202766746282578,0.1531469225883484,-0.07933691889047623,0.006318375468254089,-0.06300736218690872,0.25342047214508057,-0.061220042407512665,0,,
6,38,0.1510106474161148,0.24783790111541748,0.11157422512769699,0.15381212532520294,-0.0798008143901825,0.006318399216979742,-0.06300720572471619,0.25342047214508057,-0.061220042407512665,0,,
6,39,0.1515541672706604,0.24783793091773987,0.11123476177453995,0.1543072611093521,-0.08019702136516571,0.006318374536931515,-0.06300736218690872,0.25342047214508057,-0.061220042407512665,0,,
6,40,0.151742622256279,0.24783790111541748,0.11096201837062836,0.15452703833580017,-0.08038046956062317,0.006318398751318455,-0.06300720572471619,0.25342047214508057,-0.061220042407512665,0,,
6,41,0.15163561701774597,0.24783793091773987,0.1107635498046875,0.1545083075761795,-0.08047855645418167,0.006318374536931515,-0.06300736218690872,0.25342047214508057,-0.061220042407512665,0,,
6,42,0.15175330638885498,0.24783790111541748,0.11046554148197174,0.15469102561473846,-0.08039578795433044,0.006318399682641029,-0.06300720572471619,0.25342047214508057,-0.061220042407512665,0,,
6,43,0.15261772274971008,0.24783793091773987,0.11002645641565323,0.155477836728096,-0.0799768939614296,0.006318375933915377,-0.06300736218690872,0.25342047214508057,-0.061220042407512665,0,,
6,44,0.1528899073600769,0.24783791601657867,0.1099047139286995,0.15571969747543335,-0.07987219840288162,0.0063183968886733055,-0.06300720572471619,0.25342047214508057,-0.061220042407512665,0,,
6,45,0.15239869058132172,0.24783793091773987,0.10985612869262695,0.15537476539611816,-0.07979714870452881,0.006318374536931515,-0.06300736218690872,0.25342047214508057,-0.061220042407512665,0,,
6,46,0.15224005281925201,0.24783791601657867,0.10965973883867264,0.15532322227954865,-0.07963839173316956,0.00631839781999588,-0.06300720572471619,0.25342047214508057,-0.061220042407512665,0,,
6,47,0.1521027684211731,0.24783793091773987,0.10954087972640991,0.15525871515274048,-0.07962776720523834,0.006318376399576664,-0.06300736218690872,0.25342047214508057,-0.061220042407512665,0,,
6,48,0.15200366079807281,0.24783790111541748,0.10936660319566727,0.15524210035800934,-0.07951615750789642,0.006318399682641029,-0.06300720572471619,0.25342047214508057,-0.061220042407512665,0,,
6,49,0.15233364701271057,0.24783793091773987,0.10907397419214249,0.1555832326412201,-0.0792645514011383,0.006318375468254089,-0.06300736218690872,0.25342047214508057,-0.061220042407512665,0,,
6,50,0.15266317129135132,0.24783790111541748,0.10888934135437012,0.155889630317688,-0.07906131446361542,0.0063183982856571674,-0.06300720572471619,0.25342047214508057,-0.061220042407512665,1,False,False
7,1,0.19285765290260315,0.2517523467540741,0.395364910364151,-0.010745028965175152,0.004482700489461422,0.09001990407705307,-0.08867906779050827,0.3410542607307434,-0.08867906779050827,0,,
7,2,0.172846257686615,0.25205984711647034,0.3885338008403778,-0.015841323882341385,-0.018850142136216164,0.08971155434846878,-0.08858510851860046,0.3410542607307434,-0.08867906779050827,0,,
7,3,0.15232707560062408,0.25205984711647034,0.3830435276031494,-0.022580429911613464,-0.044193148612976074,0.08971156179904938,-0.08858511596918106,0.3410542607307434,-0.08867906779050827,0,,
7,4,0.13574537634849548,0.25205984711647034,0.3742024898529053,-0.020134329795837402,-0.06098823621869087,0.08971155434846878,-0.08858510851860046,0.3410542607307434,-0.08867906779050827,0,,
7,5,0.11974650621414185,0.25205984711647034,0.36187052726745605,-0.011142534203827381,-0.07251748442649841,0.08971153199672699,-0.08858523517847061,0.3410542607307434,-0.08867906779050827,0,,
7,6,0.10331609845161438,0.25205984711647034,0.3469183146953583,0.001960405148565769,-0.07771074026823044,0.08971155434846878,-0.08858511596918106,0.3410542607307434,-0.08867906779050827,0,,
7,7,0.08630677312612534,0.25205984711647034,0.33018723130226135,0.017542870715260506,-0.07889661192893982,0.08971153199672699,-0.08858523517847061,0.3410542607307434,-0.08867906779050827,0,,
7,8,0.06966859847307205,0.25205984711647034,0.31326714158058167,0.03357073664665222,-0.07907826453447342,0.08971153944730759,-0.08858522772789001,0.3410542607307434,-0.08867906779050827,0,,
7,9,0.05398620665073395,0.25205984711647034,0.2972787320613861,0.048657238483428955,-0.07951713353395462,0.08971153199672699,-0.08858523517847061,0.3410542607307434,-0.08867906779050827,0,,
7,10,0.03909209743142128,0.25205984711647034,0.2816276550292969,0.06345893442630768,-0.08018552511930466,0.08971156179904938,-0.08858511596918106,0.3410542607307434,-0.08867906779050827,0,,
7,11,0.031247824430465698,0.2440643459558487,0.270738422870636,0.07310106605291367,-0.08121542632579803,0.09778264164924622,-0.08364682644605637,0.3410542607307434,-0.08867906779050827,0,,
7,12,0.01870991848409176,0.24275001883506775,0.25877645611763,0.08409124612808228,-0.08347830176353455,0.09911660850048065,-0.08295627683401108,0.3410542607307434,-0.08867906779050827,0,,
7,13,0.010401864536106586,0.2396438717842102,0.2451399564743042,0.09757363796234131,-0.08575348556041718,0.10217994451522827,-0.08598797023296356,0.3410542607307434,-0.08867906779050827,0,,
7,14,0.011730784550309181,0.22709454596042633,0.2299271821975708,0.11351500451564789,-0.08768480271100998,0.1149713471531868,-0.08801671862602234,0.3410542607307434,-0.08867906779050827,0,,
7,15,0.011727400124073029,0.21129757165908813,0.21519194543361664,0.12973663210868835,-0.08969500660896301,0.1317744106054306,-0.09010736644268036,0.3410542607307434,-0.08867906779050827,0,,
7,16,0.011728758923709393,0.19810913503170013,0.20294484496116638,0.1436789482831955,-0.09121447056531906,0.14621298015117645,-0.09168259054422379,0.3410542607307434,-0.08867906779050827,0,,
7,17,0.011731687001883984,0.1897163689136505,0.1949889361858368,0.15221205353736877,-0.09365412592887878,0.15505154430866241,-0.0941789448261261,0.3410542607307434,-0.08867906779050827,0,,
7,18,0.011733454652130604,0.1823369413614273,0.1879568248987198,0.15963396430015564,-0.09547953307628632,0.16274012625217438,-0.09607447683811188,0.3410542607307434,-0.08867906779050827,0,,
7,19,0.011733196675777435,0.17577670514583588,0.18177111446857452,0.16646265983581543,-0.0967133417725563,0.1698140650987625,-0.09736575186252594,0.3410542607307434,-0.08867906779050827,0,,
7,20,0.011734026484191418,0.16970503330230713,0.17613868415355682,0.17311960458755493,-0.09711960703134537,0.17670726776123047,-0.09782857447862625,0.3410542607307434,-0.08867906779050827,0,,
7,21,0.011733606457710266,0.16511660814285278,0.17187263071537018,0.17827531695365906,-0.09882529824972153,0.18204666674137115,-0.09959013015031815,0.3410542607307434,-0.08867906779050827,0,,
7,22,0.011734149418771267,0.16177420318126678,0.16870065033435822,0.181980699300766,-0.10147613286972046,0.18588095903396606,-0.10231070220470428,0.3410542607307434,-0.08867906779050827,0,,
7,23,0.011734583415091038,0.15930156409740448,0.16627652943134308,0.18444889783859253,-0.10305891185998917,0.18842566013336182,-0.10394369065761566,0.3410542607307434,-0.08867906779050827,0,,
7,24,0.011734725907444954,0.1575770229101181,0.1644904911518097,0.18593575060367584,-0.10486603528261185,0.18995164334774017,-0.10580290853977203,0.3410542607307434,-0.08867906779050827,0,,
7,25,0.011734876781702042,0.15621919929981232,0.1630944162607193,0.18742293119430542,-0.10780153423547745,0.19148074090480804,-0.10881280899047852,0.3410542607307434,-0.08867906779050827,0,,
7,26,0.011734767816960812,0.15489917993545532,0.1617959886789322,0.18912163376808167,-0.1103837639093399,0.1932281106710434,-0.1114574521780014,0.3410542607307434,-0.08867906779050827,0,,
7,27,0.011735045351088047,0.15391583740711212,0.16078919172286987,0.19036917388439178,-0.1126139909029007,0.19450394809246063,-0.11373966932296753,0.3410542607307434,-0.08867906779050827,0,,
7,28,0.011734525673091412,0.1536029577255249,0.16030511260032654,0.19058561325073242,-0.11499334126710892,0.19470946490764618,-0.11616675555706024,0.3410542607307434,-0.08867906779050827,0,,
7,29,0.011735320091247559,0.1528560072183609,0.15945640206336975,0.1912965029478073,-0.11650015413761139,0.19542743265628815,-0.11772187799215317,0.3410542607307434,-0.08867906779050827,0,,
7,30,0.011734584346413612,0.1524900197982788,0.15904377400875092,0.19224631786346436,-0.11944787204265594,0.19639554619789124,-0.12073313444852829,0.3410542607307434,-0.08867906779050827,0,,
7,31,0.011734917759895325,0.15237298607826233,0.1588565856218338,0.19297415018081665,-0.1224166601896286,0.19713294506072998,-0.12375948578119278,0.3410542607307434,-0.08867906779050827,0,,
7,32,0.011734625324606895,0.15269872546195984,0.15898221731185913,0.19279268383979797,-0.12484118342399597,0.19692401587963104,-0.12622466683387756,0.3410542607307434,-0.08867906779050827,0,,
7,33,0.011735273525118828,0.15280888974666595,0.15889202058315277,0.19268667697906494,-0.12663814425468445,0.19679464399814606,-0.1280633509159088,0.3410542607307434,-0.08867906779050827,0,,
7,34,0.011735192500054836,0.15256816148757935,0.15855370461940765,0.19325342774391174,-0.1284477263689041,0.19736447930335999,-0.12991711497306824,0.3410542607307434,-0.08867906779050827,0,,
7,35,0.011734518222510815,0.15290188789367676,0.15874551236629486,0.19351783394813538,-0.13124506175518036,0.19762302935123444,-0.13276349008083344,0.3410542607307434,-0.08867906779050827,0,,
7,36,0.011734666302800179,0.15317554771900177,0.1588710993528366,0.19373366236686707,-0.1336035579442978,0.19783112406730652,-0.13516797125339508,0.3410542607307434,-0.08867906779050827,0,,
7,37,0.01173469889909029,0.15338478982448578,0.15896618366241455,0.19417232275009155,-0.13604490458965302,0.19827242195606232,-0.13765408098697662,0.3410542607307434,-0.08867906779050827,0,,
7,38,0.011735218577086926,0.15317164361476898,0.1587045043706894,0.1950705200433731,-0.1380648910999298,0.19918984174728394,-0.13971556723117828,0.3410542607307434,-0.08867906779050827,0,,
7,39,0.011735206469893456,0.15257233381271362,0.15814681351184845,0.19649651646614075,-0.139785498380661,0.2006540447473526,-0.14147384464740753,0.3410542607307434,-0.08867906779050827,0,,
7,40,0.011734629049897194,0.15206091105937958,0.1576727330684662,0.19779884815216064,-0.14134009182453156,0.20198839902877808,-0.1430596560239792,0.3410542607307434,-0.08867906779050827,0,,
7,41,0.011734378524124622,0.15195365250110626,0.1574808955192566,0.19826850295066833,-0.1426057517528534,0.20245718955993652,-0.14434577524662018,0.3410542607307434,-0.08867906779050827,0,,
7,42,0.011734492145478725,0.15218207240104675,0.15755634009838104,0.1983492225408554,-0.1440919190645218,0.20252475142478943,-0.1458609402179718,0.3410542607307434,-0.08867906779050827,0,,
7,43,0.011732328683137894,0.15157365798950195,0.1569133698940277,0.19916871190071106,-0.14464686810970306,0.20335587859153748,-0.14643552899360657,0.3410542607307434,-0.08867906779050827,0,,
7,44,0.011733299121260643,0.15118113160133362,0.1565064787864685,0.2000769078731537,-0.1457492560148239,0.20428214967250824,-0.1475629210472107,0.3410542607307434,-0.08867906779050827,0,,
7,45,0.011662575416266918,0.1508864313364029,0.1561465561389923,0.2009001076221466,-0.14685101807117462,0.20507293939590454,-0.1486496925354004,0.3410542607307434,-0.08867906779050827,0,,
7,46,0.011658120900392532,0.15039144456386566,0.15564876794815063,0.2018105536699295,-0.14767144620418549,0.2060021013021469,-0.1494765728712082,0.3410542607307434,-0.08867906779050827,0,,
7,47,0.011662354692816734,0.14998765289783478,0.15523236989974976,0.20268109440803528,-0.14857834577560425,0.20688997209072113,-0.15040919184684753,0.3410542607307434,-0.08867906779050827,0,,
7,48,0.011422388255596161,0.14984416961669922,0.15501075983047485,0.20318615436553955,-0.1494782418012619,0.2073594331741333,-0.15119588375091553,0.3410542607307434,-0.08867906779050827,0,,
7,49,0.011061285622417927,0.14980795979499817,0.1548619121313095,0.20353642106056213,-0.15035127103328705,0.20766018331050873,-0.15192605555057526,0.3410542607307434,-0.08867906779050827,0,,
7,50,0.010833862237632275,0.14971651136875153,0.15464520454406738,0.20400966703891754,-0.15115824341773987,0.20804105699062347,-0.15264037251472473,0.3410542607307434,-0.08867906779050827,1,False,False
8,1,0.16447284817695618,0.24947771430015564,0.2558746039867401,0.007863551378250122,0.016875553876161575,-0.05171063169836998,0.023630991578102112,0.1970425248146057,0.023630991578102112,0,,
8,2,0.13408176600933075,0.24947811663150787,0.25469863414764404,-0.011111726984381676,0.01889609545469284,-0.05171104148030281,0.023630525916814804,0.1970425248146057,0.023630991578102112,0,,
8,3,0.09041739255189896,0.24947813153266907,0.25848039984703064,-0.03764861077070236,0.022233325988054276,-0.0517110601067543,0.023630408570170403,0.1970425248146057,0.023630991578102112,0,,
8,4,0.057608798146247864,0.24947811663150787,0.2638304829597473,-0.05546151101589203,0.02606802247464657,-0.05171104148030281,0.023630527779459953,0.1970425248146057,0.023630991578102112,0,,
8,5,0.03563793748617172,0.24947813153266907,0.26531556248664856,-0.06298813223838806,0.02826416864991188,-0.0517110601067543,0.023630406707525253,0.1970425248146057,0.023630991578102112,0,,
8,6,0.018867261707782745,0.24947813153266907,0.2602556645870209,-0.060833122581243515,0.028524145483970642,-0.0517110601067543,0.023630406707525253,0.1970425248146057,0.023630991578102112,0,,
8,7,0.011509702540934086,0.24947813153266907,0.24427950382232666,-0.04557332396507263,0.026441924273967743,-0.0517110601067543,0.023630404844880104,0.1970425248146057,0.023630991578102112,0,,
8,8,0.023242658004164696,0.24947811663150787,0.22779656946659088,-0.029342981055378914,0.023699354380369186,-0.05171103775501251,0.023630529642105103,0.1970425248146057,0.023630991578102112,0,,
8,9,0.03911985084414482,0.24947811663150787,0.21132828295230865,-0.012917637825012207,0.022958531975746155,-0.05171103775501251,0.023630527779459953,0.1970425248146057,0.023630991578102112,0,,
8,10,0.05562398582696915,0.24947811663150787,0.1951523870229721,0.003542289137840271,0.022533725947141647,-0.05171103775501251,0.023630525916814804,0.1970425248146057,0.023630991578102112,0,,
8,11,0.06952303647994995,0.24947813153266907,0.1815527081489563,0.017404885962605476,0.021545805037021637,-0.0517110601067543,0.023630404844880104,0.1970425248146057,0.023630991578102112,0,,
8,12,0.08075062930583954,0.24947814643383026,0.1704098880290985,0.028673205524683,0.02078874781727791,-0.0517110638320446,0.023630406707525253,0.1970425248146057,0.023630991578102112,0,,
8,13,0.09062763303518295,0.24947811663150787,0.16078798472881317,0.03853805735707283,0.021121971309185028,-0.051711034029722214,0.023630527779459953,0.1970425248146057,0.023630991578102112,0,,
8,14,0.09811032563447952,0.24947811663150787,0.15336313843727112,0.04605524241924286,0.020938538014888763,-0.05171103775501251,0.023630527779459953,0.1970425248146057,0.023630991578102112,0,,
8,15,0.10459710657596588,0.24947811663150787,0.14691101014614105,0.05257394537329674,0.020670931786298752,-0.05171104148030281,0.023630527779459953,0.1970425248146057,0.023630991578102112,0,,
8,16,0.10767456889152527,0.24947811663150787,0.14323128759860992,0.05579298734664917,0.019435463473200798,-0.05171103775501251,0.023630525916814804,0.1970425248146057,0.023630991578102112,0,,
8,17,0.11183775216341019,0.24947811663150787,0.1388891339302063,0.05998506024479866,0.018849369138479233,-0.05171103775501251,0.023630527779459953,0.1970425248146057,0.023630991578102112,0,,
8,18,0.11496399343013763,0.24947813153266907,0.13559137284755707,0.0631115585565567,0.018110837787389755,-0.05171104520559311,0.023630525916814804,0.1970425248146057,0.023630991578102112,0,,
8,19,0.1187557578086853,0.24947811663150787,0.13183727860450745,0.06686095148324966,0.017071275040507317,-0.05171103775501251,0.023630525916814804,0.1970425248146057,0.023630991578102112,0,,
8,20,0.12279460579156876,0.24947811663150787,0.12803275883197784,0.0708443894982338,0.016069455072283745,-0.05171103775501251,0.023630525916814804,0.1970425248146057,0.023630991578102112,0,,
8,21,0.12703217566013336,0.24947811663150787,0.12417244166135788,0.0750221237540245,0.015270056203007698,-0.05171104148030281,0.023630527779459953,0.1970425248146057,0.023630991578102112,0,,
8,22,0.13076208531856537,0.24947811663150787,0.12087439000606537,0.07868161797523499,0.014566730707883835,-0.051711034029722214,0.023630527779459953,0.1970425248146057,0.023630991578102112,0,,
8,23,0.13522368669509888,0.24947813153266907,0.11720703542232513,0.08301691710948944,0.013952738605439663,-0.05171104520559311,0.023630527779459953,0.1970425248146057,0.023630991578102112,0,,
8,24,0.1392236202955246,0.24947814643383026,0.11419558525085449,0.08683592081069946,0.013385631144046783,-0.0517110638320446,0.023630406707525253,0.1970425248146057,0.023630991578102112,0,,
8,25,0.14241614937782288,0.24947813153266907,0.11194263398647308,0.0898420661687851,0.012899521738290787,-0.0517110601067543,0.023630406707525253,0.1970425248146057,0.023630991578102112,0,,
8,26,0.1441602110862732,0.24947811663150787,0.11070191860198975,0.09147962927818298,0.012474557384848595,-0.05171104148030281,0.023630525916814804,0.1970425248146057,0.023630991578102112,0,,
8,27,0.14521457254886627,0.24947813153266907,0.1098589226603508,0.09248775243759155,0.012102680280804634,-0.0517110601067543,0.023630406707525253,0.1970425248146057,0.023630991578102112,0,,
8,28,0.14611080288887024,0.24947813153266907,0.10914445668458939,0.09334570169448853,0.011816557496786118,-0.0517110601067543,0.023630408570170403,0.1970425248146057,0.023630991578102112,0,,
8,29,0.14689946174621582,0.24947813153266907,0.10853687673807144,0.09409871697425842,0.011636732146143913,-0.05171104520559311,0.023630525916814804,0.1970425248146057,0.023630991578102112,0,,
8,30,0.14740028977394104,0.24947811663150787,0.10813413560390472,0.09457851946353912,0.011453642509877682,-0.05171103775501251,0.023630527779459953,0.1970425248146057,0.023630991578102112,0,,
8,31,0.1481274515390396,0.24947811663150787,0.1075994223356247,0.09527347981929779,0.011452160775661469,-0.051711034029722214,0.023630527779459953,0.1970425248146057,0.023630991578102112,0,,
8,32,0.14880190789699554,0.24947811663150787,0.10716448724269867,0.09590320289134979,0.011440376751124859,-0.05171103775501251,0.023630527779459953,0.1970425248146057,0.023630991578102112,0,,
8,33,0.14886115491390228,0.24947811663150787,0.1070641502737999,0.09597241133451462,0.011411389335989952,-0.05171103775501251,0.023630529642105103,0.1970425248146057,0.023630991578102112,0,,
8,34,0.14884988963603973,0.24947811663150787,0.10698030143976212,0.09598230570554733,0.011376080103218555,-0.051711034029722214,0.023630527779459953,0.1970425248146057,0.023630991578102112,0,,
8,35,0.14916670322418213,0.24947811663150787,0.10674704611301422,0.09628138691186905,0.011268489062786102,-0.05171104148030281,0.023630525916814804,0.1970425248146057,0.023630991578102112,0,,
8,36,0.1482507884502411,0.24947811663150787,0.10713393241167068,0.09547438472509384,0.011330636218190193,-0.05171104148030281,0.023630527779459953,0.1970425248146057,0.023630991578102112,0,,
8,37,0.1478624939918518,0.24947811663150787,0.10711142420768738,0.09518156200647354,0.011570066213607788,-0.05171104148030281,0.023630527779459953,0.1970425248146057,0.023630991578102112,0,,
8,38,0.1482866257429123,0.24947811663150787,0.10671419650316238,0.09561072289943695,0.01167493686079979,-0.05171104148030281,0.023630525916814804,0.1970425248146057,0.023630991578102112,0,,
8,39,0.14891499280929565,0.24947811663150787,0.10624617338180542,0.09621454775333405,0.011693539097905159,-0.05171103775501251,0.023630527779459953,0.1970425248146057,0.023630991578102112,0,,
8,40,0.14916080236434937,0.24947811663150787,0.10603825002908707,0.09645277261734009,0.011609124019742012,-0.05171103775501251,0.023630525916814804,0.1970425248146057,0.023630991578102112,0,,
8,41,0.14948609471321106,0.24947811663150787,0.10580906271934509,0.09675474464893341,0.0114185381680727,-0.05171103775501251,0.023630525916814804,0.1970425248146057,0.023630991578102112,0,,
8,42,0.14957930147647858,0.24947811663150787,0.10574851930141449,0.09683405607938766,0.01121068000793457,-0.05171103775501251,0.023630525916814804,0.1970425248146057,0.023630991578102112,0,,
8,43,0.1497022658586502,0.24947813153266907,0.10563650727272034,0.09695248305797577,0.011106102727353573,-0.0517110601067543,0.023630408570170403,0.1970425248146057,0.023630991578102112,0,,
8,44,0.15006373822689056,0.24947813153266907,0.10538695752620697,0.09729400277137756,0.011071708053350449,-0.051711056381464005,0.023630404844880104,0.1970425248146057,0.023630991578102112,0,,
8,45,0.15080642700195312,0.24947811663150787,0.10497689247131348,0.09797351062297821,0.011026807129383087,-0.05171103775501251,0.023630525916814804,0.1970425248146057,0.023630991578102112,0,,
8,46,0.15089914202690125,0.24947811663150787,0.10495521873235703,0.09804995357990265,0.010979581624269485,-0.05171104148030281,0.023630525916814804,0.1970425248146057,0.023630991578102112,0,,
8,47,0.1506098061800003,0.24947811663150787,0.10506363958120346,0.09779923409223557,0.011054515838623047,-0.051711034029722214,0.023630527779459953,0.1970425248146057,0.023630991578102112,0,,
8,48,0.15032008290290833,0.24947811663150787,0.10516690462827682,0.09754926711320877,0.011134197935461998,-0.051711034029722214,0.023630525916814804,0.1970425248146057,0.023630991578102112,0,,
8,49,0.1501355618238449,0.24947811663150787,0.1052355244755745,0.09738639742136002,0.011113911867141724,-0.05171103775501251,0.023630527779459953,0.1970425248146057,0.023630991578102112,0,,
8,50,0.15022720396518707,0.24947813153266907,0.10514837503433228,0.09747917950153351,0.011127500794827938,-0.051711056381464005,0.023630406707525253,0.1970425248146057,0.023630991578102112,1,False,False
9,1,0.18303872644901276,0.25924408435821533,0.3084411919116974,0.02091226354241371,-0.014402355067431927,-0.003200046718120575,-0.010966360569000244,0.2553468346595764,-0.010966360569000244,0,,
9,2,0.15609489381313324,0.2595062255859375,0.3046516180038452,0.005841427482664585,-0.013054374605417252,-0.003462814260274172,-0.010779645293951035,0.2553468346595764,-0.010966360569000244,0,,
9,3,0.11842838674783707,0.2595062255859375,0.30298173427581787,-0.014958159998059273,-0.01095485594123602,-0.0034628098364919424,-0.010779645293951035,0.2553468346595764,-0.010966360569000244,0,,
9,4,0.08907624334096909,0.2595062255859375,0.306540310382843,-0.033409565687179565,-0.010696642100811005,-0.003462814958766103,-0.010779647156596184,0.2553468346595764,-0.010966360569000244,0,,
9,5,0.06930849701166153,0.2595062255859375,0.3076447546482086,-0.042735159397125244,-0.010948626324534416,-0.003462807275354862,-0.010779645293951035,0.2553468346595764,-0.010966360569000244,0,,
9,6,0.05343172326683998,0.2595061957836151,0.3014969825744629,-0.04064001142978668,-0.010445155203342438,-0.0034628063440322876,-0.01077964622527361,0.2553468346595764,-0.010966360569000244,0,,
9,7,0.037831757217645645,0.2595062255859375,0.29050424695014954,-0.031795427203178406,-0.010001840069890022,-0.003462830325588584,-0.01077976729720831,0.2553468346595764,-0.010966360569000244,0,,
9,8,0.02096780762076378,0.2595062255859375,0.2747759222984314,-0.017213046550750732,-0.010168247856199741,-0.0034628137946128845,-0.010779647156596184,0.2553468346595764,-0.010966360569000244,0,,
9,9,0.008954966440796852,0.2595062255859375,0.2579166293144226,-0.001086571253836155,-0.010099250823259354,-0.0034628130961209536,-0.01077964622527361,0.2553468346595764,-0.010966360569000244,0,,
9,10,0.020041251555085182,0.2595062255859375,0.24067263305187225,0.015893440693616867,-0.010607742704451084,-0.003462813328951597,-0.01077964622527361,0.2553468346595764,-0.010966360569000244,0,,
9,11,0.037612393498420715,0.2595062255859375,0.2229606807231903,0.033736273646354675,-0.011666613630950451,-0.0034628091380000114,-0.01077964622527361,0.2553468346595764,-0.010966360569000244,0,,
9,12,0.05578640475869179,0.2595062255859375,0.2056693732738495,0.051577962934970856,-0.01296817883849144,-0.003462812164798379,-0.010779645293951035,0.2553468346595764,-0.010966360569000244,0,,
9,13,0.06826376169919968,0.2595062255859375,0.19322681427001953,0.06414298713207245,-0.014597893692553043,-0.003462829627096653,-0.010779766365885735,0.2553468346595764,-0.010966360569000244,0,,
9,14,0.07795386016368866,0.2595062255859375,0.1832893192768097,0.0739840716123581,-0.016278935596346855,-0.003462808672338724,-0.010779647156596184,0.2553468346595764,-0.010966360569000244,0,,
9,15,0.08665025979280472,0.2595062255859375,0.17456330358982086,0.08269356936216354,-0.017989175394177437,-0.0034628091380000114,-0.01077964622527361,0.2553468346595764,-0.010966360569000244,0,,
9,16,0.0963025763630867,0.2595062255859375,0.1654028594493866,0.09220936894416809,-0.01927894353866577,-0.0034628333523869514,-0.01077976729720831,0.2553468346595764,-0.010966360569000244,0,,
9,17,0.10578286647796631,0.2595062255859375,0.15692412853240967,0.10138758271932602,-0.020908109843730927,-0.0034628312569111586,-0.01077976729720831,0.2553468346595764,-0.010966360569000244,0,,
9,18,0.11444452404975891,0.2595062255859375,0.1495853066444397,0.10964182019233704,-0.022713972255587578,-0.003462832421064377,-0.010779766365885735,0.2553468346595764,-0.010966360569000244,0,,
9,19,0.12292012572288513,0.2595062255859375,0.14297091960906982,0.11756198108196259,-0.024225087836384773,-0.003462829627096653,-0.010779766365885735,0.2553468346595764,-0.010966360569000244,0,,
9,20,0.12966471910476685,0.2595062255859375,0.1379425823688507,0.1238018125295639,-0.025781825184822083,-0.00346281286329031,-0.010779647156596184,0.2553468346595764,-0.010966360569000244,0,,
9,21,0.1346004605293274,0.2595062255859375,0.13422541320323944,0.12839195132255554,-0.027346685528755188,-0.0034628137946128845,-0.01077964622527361,0.2553468346595764,-0.010966360569000244,0,,
9,22,0.13895730674266815,0.2595062255859375,0.13120177388191223,0.13235732913017273,-0.029118329286575317,-0.003462814260274172,-0.010779647156596184,0.2553468346595764,-0.010966360569000244,0,,
9,23,0.14229989051818848,0.2595062255859375,0.12880972027778625,0.13544592261314392,-0.03032967820763588,-0.0034628307912498713,-0.01077976729720831,0.2553468346595764,-0.010966360569000244,0,,
9,24,0.14460602402687073,0.2595062255859375,0.12660132348537445,0.13780665397644043,-0.03045370616018772,-0.0034628070425242186,-0.010779645293951035,0.2553468346595764,-0.010966360569000244,0,,
9,25,0.14616572856903076,0.2595062255859375,0.12491637468338013,0.13944783806800842,-0.03098481521010399,-0.0034628103021532297,-0.010779648087918758,0.2553468346595764,-0.010966360569000244,0,,
9,26,0.1479780375957489,0.2595062255859375,0.1233789324760437,0.14119645953178406,-0.031986575573682785,-0.0034628305584192276,-0.01077976729720831,0.2553468346595764,-0.010966360569000244,0,,
9,27,0.14984939992427826,0.2595062255859375,0.12174338102340698,0.1430586874485016,-0.03217862918972969,-0.003462808206677437,-0.010779647156596184,0.2553468346595764,-0.010966360569000244,0,,
9,28,0.150741845369339,0.2595062255859375,0.12079879641532898,0.14396360516548157,-0.03301183506846428,-0.0034628070425242186,-0.010779647156596184,0.2553468346595764,-0.010966360569000244,0,,
9,29,0.15358933806419373,0.2595062255859375,0.11898588389158249,0.14659054577350616,-0.03332856297492981,-0.0034628307912498713,-0.010779766365885735,0.2553468346595764,-0.010966360569000244,0,,
9,30,0.15602824091911316,0.2595062255859375,0.117698535323143,0.14876484870910645,-0.03360658884048462,-0.0034628307912498713,-0.010779766365885735,0.2553468346595764,-0.010966360569000244,0,,
9,31,0.15721666812896729,0.2595062255859375,0.11685702949762344,0.14988242089748383,-0.03401217609643936,-0.0034628123976290226,-0.01077964622527361,0.2553468346595764,-0.010966360569000244,0,,
9,32,0.15873637795448303,0.2595062255859375,0.11591144651174545,0.15128520131111145,-0.03427616134285927,-0.0034628298599272966,-0.010779768228530884,0.2553468346595764,-0.010966360569000244,0,,
9,33,0.16005487740039825,0.2595062255859375,0.11510996520519257,0.1525036096572876,-0.034408386796712875,-0.003462808905169368,-0.010779645293951035,0.2553468346595764,-0.010966360569000244,0,,
9,34,0.1609911173582077,0.2595062255859375,0.11440366506576538,0.15341942012310028,-0.03436136990785599,-0.0034628300927579403,-0.010779766365885735,0.2553468346595764,-0.010966360569000244,0,,
9,35,0.1619713306427002,0.2595062255859375,0.11377372592687607,0.15434423089027405,-0.03433654457330704,-0.0034628298599272966,-0.01077976729720831,0.2553468346595764,-0.010966360569000244,0,,
9,36,0.16214357316493988,0.2595062255859375,0.1133897677063942,0.15459614992141724,-0.03422493860125542,-0.0034628307912498713,-0.01077976543456316,0.2553468346595764,-0.010966360569000244,0,,
9,37,0.16159117221832275,0.2595062255859375,0.11311428248882294,0.15427649021148682,-0.034045446664094925,-0.003462807973846793,-0.01077964622527361,0.2553468346595764,-0.010966360569000244,0,,
9,38,0.16157051920890808,0.2595062255859375,0.11265207827091217,0.1544090211391449,-0.033854544162750244,-0.003462829627096653,-0.01077976543456316,0.2553468346595764,-0.010966360569000244,0,,
9,39,0.16192269325256348,0.2595062255859375,0.11223005503416061,0.15480075776576996,-0.03381580114364624,-0.003462813561782241,-0.010779645293951035,0.2553468346595764,-0.010966360569000244,0,,
9,40,0.1622331142425537,0.2595062255859375,0.11187845468521118,0.15513655543327332,-0.03385182097554207,-0.003462813561782241,-0.010779647156596184,0.2553468346595764,-0.010966360569000244,0,,
9,41,0.16227324306964874,0.2595062255859375,0.11159608513116837,0.15525369346141815,-0.033770106732845306,-0.0034628126304596663,-0.01077964622527361,0.2553468346595764,-0.010966360569000244,0,,
9,42,0.16191156208515167,0.2595062255859375,0.11140964925289154,0.15504206717014313,-0.03362366557121277,-0.0034628112334758043,-0.01077964436262846,0.2553468346595764,-0.010966360569000244,0,,
9,43,0.16108940541744232,0.2595062255859375,0.11138056218624115,0.15442946553230286,-0.03359781950712204,-0.0034628298599272966,-0.010779766365885735,0.2553468346595764,-0.010966360569000244,0,,
9,44,0.16093364357948303,0.2595062255859375,0.11104506254196167,0.15442213416099548,-0.033266182988882065,-0.0034628298599272966,-0.01077976729720831,0.2553468346595764,-0.010966360569000244,0,,
9,45,0.16108307242393494,0.2595062255859375,0.11074639856815338,0.15462791919708252,-0.03308888524770737,-0.0034628091380000114,-0.01077964622527361,0.2553468346595764,-0.010966360569000244,0,,
9,46,0.16101880371570587,0.2595062255859375,0.11057437211275101,0.15462854504585266,-0.03304629400372505,-0.0034628126304596663,-0.010779645293951035,0.2553468346595764,-0.010966360569000244,0,,
9,47,0.16124694049358368,0.2595062255859375,0.1101909950375557,0.15493261814117432,-0.032554447650909424,-0.003462813561782241,-0.010779645293951035,0.2553468346595764,-0.010966360569000244,0,,
9,48,0.1616622805595398,0.2595062255859375,0.1098066046833992,0.15537875890731812,-0.03207137808203697,-0.003462809370830655,-0.01077964622527361,0.2553468346595764,-0.010966360569000244,0,,
9,49,0.16252005100250244,0.2595062255859375,0.10930278152227402,0.1561947613954544,-0.03158915415406227,-0.0034628084395080805,-0.01077964622527361,0.2553468346595764,-0.010966360569000244,0,,
9,50,0.1633426994085312,0.2595062255859375,0.10889187455177307,0.1569567322731018,-0.03112161159515381,-0.0034628084395080805,-0.010779645293951035,0.2553468346595764,-0.010966360569000244,1,False,False
10,1,0.2171020209789276,0.25471484661102295,0.2604930102825165,0.006037083454430103,0.02005079761147499,-0.09309303760528564,-0.08320603519678116,0.1609121859073639,-0.08320603519678116,0,,
10,2,0.17636476457118988,0.25447410345077515,0.2474878430366516,-0.014313120394945145,-0.005062581039965153,-0.09285153448581696,-0.08301099389791489,0.1609121859073639,-0.08320603519678116,0,,
10,3,0.12031146883964539,0.2544742822647095,0.24111799895763397,-0.043871551752090454,-0.03444206714630127,-0.09285173565149307,-0.0830114409327507,0.1609121859073639,-0.08320603519678116,0,,
10,4,0.07251802831888199,0.25447407364845276,0.2490822672843933,-0.07240402698516846,-0.053382549434900284,-0.09285152703523636,-0.08301099389791489,0.1609121859073639,-0.08320603519678116,0,,
10,5,0.03908857703208923,0.2544742822647095,0.2556268274784088,-0.08832357823848724,-0.06747744232416153,-0.09285173565149307,-0.0830114334821701,0.1609121859073639,-0.08320603519678116,0,,
10,6,0.023223411291837692,0.25226789712905884,0.25102487206459045,-0.08658257126808167,-0.07605120539665222,-0.09062916785478592,-0.08095351606607437,0.1609121859073639,-0.08320603519678116,0,,
10,7,0.01324399933218956,0.2518634498119354,0.2447611689567566,-0.0820704996585846,-0.08050636202096939,-0.0902305617928505,-0.08196838945150375,0.1609121859073639,-0.08320603519678116,0,,
10,8,0.019762499257922173,0.25186362862586975,0.2327631264925003,-0.07081107050180435,-0.08413294702768326,-0.09023074805736542,-0.08196885138750076,0.1609121859073639,-0.08320603519678116,0,,
10,9,0.0347624197602272,0.25094443559646606,0.21672137081623077,-0.0548209473490715,-0.08705991506576538,-0.08931177109479904,-0.08292567729949951,0.1609121859073639,-0.08320603519678116,0,,
10,10,0.05464689061045647,0.2509443163871765,0.1974860280752182,-0.03510601818561554,-0.08818808943033218,-0.08931165933609009,-0.08292681723833084,0.1609121859073639,-0.08320603519678116,0,,
10,11,0.07315132021903992,0.2509443461894989,0.17989404499530792,-0.016818007454276085,-0.08792348951101303,-0.08931168913841248,-0.08292696624994278,0.1609121859073639,-0.08320603519678116,0,,
10,12,0.0889509990811348,0.2509443163871765,0.1649705171585083,-0.0011833738535642624,-0.08670227229595184,-0.08931166678667068,-0.08292681723833084,0.1609121859073639,-0.08320603519678116,0,,
10,13,0.10223348438739777,0.2509443461894989,0.15264645218849182,0.011915181763470173,-0.08530227094888687,-0.08931168913841248,-0.08292696624994278,0.1609121859073639,-0.08320603519678116,0,,
10,14,0.10966828465461731,0.2509443163871765,0.14483614265918732,0.019602615386247635,-0.08451336622238159,-0.08931165933609009,-0.08292682468891144,0.1609121859073639,-0.08320603519678116,0,,
10,15,0.11641494184732437,0.2509443461894989,0.13777467608451843,0.026538340374827385,-0.08387646079063416,-0.08931168913841248,-0.08292696624994278,0.1609121859073639,-0.08320603519678116,0,,
10,16,0.12245793640613556,0.2509443163871765,0.1318422555923462,0.03261549770832062,-0.08363689482212067,-0.08931166678667068,-0.08292681723833084,0.1609121859073639,-0.08320603519678116,0,,
10,17,0.12496432662010193,0.2509443461894989,0.12871846556663513,0.0353124774992466,-0.08399519324302673,-0.08931168913841248,-0.08292696624994278,0.1609121859073639,-0.08320603519678116,0,,
10,18,0.12769146263599396,0.2509443163871765,0.1256914585828781,0.03812771290540695,-0.08462058752775192,-0.08931166678667068,-0.08292681723833084,0.1609121859073639,-0.08320603519678116,0,,
10,19,0.13067133724689484,0.2509443461894989,0.12274174392223358,0.04111636057496071,-0.08512524515390396,-0.08931168168783188,-0.08292697370052338,0.1609121859073639,-0.08320603519678116,0,,
10,20,0.13232001662254333,0.2509443163871765,0.12087693065404892,0.04281310737133026,-0.08565092831850052,-0.08931166678667068,-0.08292681723833084,0.1609121859073639,-0.08320603519678116,0,,
10,21,0.13420943915843964,0.2509443461894989,0.11890477687120438,0.044721879065036774,-0.0860908031463623,-0.08931168168783188,-0.08292697370052338,0.1609121859073639,-0.08320603519678116,0,,
10,22,0.13707569241523743,0.2509443163871765,0.1163754016160965,0.047539688646793365,-0.08628036081790924,-0.08931166678667068,-0.08292681723833084,0.1609121859073639,-0.08320603519678116,0,,
10,23,0.13849012553691864,0.2509443461894989,0.1150200366973877,0.04895453527569771,-0.0860963836312294,-0.08931168168783188,-0.08292697370052338,0.1609121859073639,-0.08320603519678116,0,,
10,24,0.13999664783477783,0.2509443163871765,0.11357739567756653,0.05046262964606285,-0.08580488711595535,-0.08931165933609009,-0.08292682468891144,0.1609121859073639,-0.08320603519678116,0,,
10,25,0.14111179113388062,0.2509443461894989,0.11251884698867798,0.05157773941755295,-0.08553286641836166,-0.08931168913841248,-0.08292697370052338,0.1609121859073639,-0.08320603519678116,0,,
10,26,0.14152900874614716,0.2509443163871765,0.11197618395090103,0.05202281102538109,-0.08530579507350922,-0.08931166678667068,-0.08292681723833084,0.1609121859073639,-0.08320603519678116,0,,
10,27,0.14212386310100555,0.2509443461894989,0.11132989078760147,0.05263301357626915,-0.08502019196748734,-0.08931168168783188,-0.08292697370052338,0.1609121859073639,-0.08320603519678116,0,,
10,28,0.14349040389060974,0.2509443163871765,0.1101967841386795,0.053970418870449066,-0.08458135277032852,-0.08931166678667068,-0.08292681723833084,0.1609121859073639,-0.08320603519678116,0,,
10,29,0.14398327469825745,0.2509443461894989,0.1097184419631958,0.05446535348892212,-0.0843641459941864,-0.08931168913841248,-0.08292696624994278,0.1609121859073639,-0.08320603519678116,0,,
10,30,0.14416280388832092,0.2509443163871765,0.10941308736801147,0.05466989800333977,-0.08407304435968399,-0.08931166678667068,-0.08292681723833084,0.1609121859073639,-0.08320603519678116,0,,
10,31,0.14465272426605225,0.2509443461894989,0.10891125351190567,0.05516636371612549,-0.0837239921092987,-0.08931168913841248,-0.08292696624994278,0.1609121859073639,-0.08320603519678116,0,,
10,32,0.14489233493804932,0.2509443163871765,0.10860338807106018,0.05541962385177612,-0.0834994837641716,-0.08931165933609009,-0.08292681723833084,0.1609121859073639,-0.08320603519678116,0,,
10,33,0.1451645940542221,0.2509443461894989,0.10826294124126434,0.05570506677031517,-0.08327353000640869,-0.08931168913841248,-0.08292697370052338,0.1609121859073639,-0.08320603519678116,0,,
10,34,0.14579075574874878,0.2509443163871765,0.10768663138151169,0.05632701516151428,-0.08296863734722137,-0.08931166678667068,-0.08292681723833084,0.1609121859073639,-0.08320603519678116,0,,
10,35,0.14607182145118713,0.2509443461894989,0.10739263892173767,0.05661164969205856,-0.08265891671180725,-0.08931168913841248,-0.08292697370052338,0.1609121859073639,-0.08320603519678116,0,,
10,36,0.14547644555568695,0.2509443163871765,0.10774055123329163,0.056051358580589294,-0.08266779780387878,-0.08931166678667068,-0.08292681723833084,0.1609121859073639,-0.08320603519678116,0,,
10,37,0.14559854567050934,0.2509443461894989,0.10755442082881927,0.05618314445018768,-0.08255141228437424,-0.08931168913841248,-0.08292696624994278,0.1609121859073639,-0.08320603519678116,0,,
10,38,0.14556442201137543,0.2509443163871765,0.10749830305576324,0.05616056174039841,-0.08215580880641937,-0.08931165933609009,-0.08292681723833084,0.1609121859073639,-0.08320603519678116,0,,
10,39,0.1459830105304718,0.2509443461894989,0.10709059983491898,0.056577958166599274,-0.08181601017713547,-0.08931168913841248,-0.08292696624994278,0.1609121859073639,-0.08320603519678116,0,,
10,40,0.1463214010000229,0.2509443163871765,0.1067500188946724,0.05691828578710556,-0.08187314122915268,-0.08931166678667068,-0.08292682468891144,0.1609121859073639,-0.08320603519678116,0,,
10,41,0.1464226245880127,0.2509443461894989,0.10656847804784775,0.05703037232160568,-0.08187521249055862,-0.08931168913841248,-0.08292697370052338,0.1609121859073639,-0.08320603519678116,0,,
10,42,0.14667077362537384,0.2509443163871765,0.10628341138362885,0.0572829507291317,-0.08166148513555527,-0.08931165933609009,-0.08292682468891144,0.1609121859073639,-0.08320603519678116,0,,
10,43,0.1462474763393402,0.2509443461894989,0.10651304572820663,0.056879088282585144,-0.08141033351421356,-0.08931168168783188,-0.08292697370052338,0.1609121859073639,-0.08320603519678116,0,,
10,44,0.14589262008666992,0.2509443163871765,0.10665236413478851,0.056543923914432526,-0.0813312903046608,-0.08931165933609009,-0.08292681723833084,0.1609121859073639,-0.08320603519678116,0,,
10,45,0.1467052698135376,0.2509443461894989,0.10590997338294983,0.057353079319000244,-0.08146680891513824,-0.08931168913841248,-0.08292697370052338,0.1609121859073639,-0.08320603519678116,0,,
10,46,0.1474291831254959,0.2509443163871765,0.10529512912034988,0.05806899070739746,-0.08157067000865936,-0.08931166678667068,-0.08292682468891144,0.1609121859073639,-0.08320603519678116,0,,
10,47,0.14769713580608368,0.2509443461894989,0.10502054542303085,0.058338094502687454,-0.08154387027025223,-0.08931168913841248,-0.08292696624994278,0.1609121859073639,-0.08320603519678116,0,,
10,48,0.14797234535217285,0.2509443163871765,0.10474319010972977,0.05861364305019379,-0.08146074414253235,-0.08931166678667068,-0.08292681723833084,0.1609121859073639,-0.08320603519678116,0,,
10,49,0.1476486474275589,0.2509443461894989,0.10492567718029022,0.05830145254731178,-0.08137527108192444,-0.08931168168783188,-0.08292697370052338,0.1609121859073639,-0.08320603519678116,0,,
10,50,0.14782507717609406,0.2509443163871765,0.10470261424779892,0.05847999081015587,-0.08114268630743027,-0.08931166678667068,-0.08292681723833084,0.1609121859073639,-0.08320603519678116,1,False,False
